order_id,order_date,customer_id,customer_name,segment,region,city,category,sub_category,product_name,ship_mode,quantity,discount,sales,profit
ORD-1000,2022-10-09,CUST-152,Bryan Goodwin,Home Office,Central,New Nicholas,Electronics,Phones,Phones Model-6,Economy,2,0.0,1232.01,20.94
ORD-1001,2022-08-14,CUST-545,Sydney Thompson,Consumer,South,East Eduardo,Furniture,Desks,Desks Model-45,Economy,11,0.2,2251.55,339.84
ORD-1002,2022-04-10,CUST-235,Lisa Martin,Consumer,West,New Elizabethberg,Electronics,Accessories,Accessories Model-35,Standard,13,0.0,1801.31,491.1
ORD-1003,2023-12-23,CUST-495,Jessica Cunningham,Corporate,North,Millerburgh,Office Supplies,Pens,Pens Model-15,Standard,13,0.2,357.08,1220.91
ORD-1004,2023-11-18,CUST-431,Scott Hanson,Consumer,Central,Loganland,Office Supplies,Pens,Pens Model-41,Express,18,0.1,1342.22,1854.31
ORD-1005,2022-02-27,CUST-261,Janet Davis,Corporate,East,East Johntown,Furniture,Shelves,Shelves Model-5,Express,19,0.2,1152.95,-226.17
ORD-1006,2022-09-29,CUST-375,Jennifer West,Corporate,Central,Clarkville,Clothing,Pants,Pants Model-28,Economy,12,0.1,706.76,1413.47
ORD-1007,2022-06-06,CUST-316,Tracy Simon DDS,Home Office,North,West Brettview,Electronics,Phones,Phones Model-25,Economy,20,0.3,3140.96,1521.78
ORD-1008,2023-11-30,CUST-493,Louis Young,Home Office,East,Cervantesview,Electronics,Phones,Phones Model-8,Same Day,14,0.1,4425.09,1427.02
ORD-1009,2023-06-04,CUST-252,Kristine Hoover,Home Office,Central,Henryborough,Office Supplies,Pens,Pens Model-39,Express,5,0.2,4564.01,1702.19
ORD-1010,2023-05-16,CUST-549,Rebecca Berry,Corporate,South,Kristinport,Electronics,Tablets,Tablets Model-4,Express,19,0.0,107.19,1836.93
ORD-1011,2023-11-07,CUST-235,Barbara Hernandez,Home Office,Central,Gregoryton,Furniture,Tables,Tables Model-28,Express,18,0.1,2381.66,964.55
ORD-1012,2023-06-14,CUST-132,,Corporate,North,Swansontown,Office Supplies,Envelopes,Envelopes Model-38,Express,19,0.1,2262.92,270.18
ORD-1013,2022-12-05,CUST-442,Joshua Russell,Corporate,South,West James,Electronics,Phones,Phones Model-35,Express,19,0.5,363.58,247.41
ORD-1014,2022-04-10,CUST-310,Megan Grant,Corporate,North,North Anaberg,Furniture,Chairs,Chairs Model-44,Standard,2,0.3,3298.32,514.88
ORD-1015,2023-07-04,CUST-242,Howard Brady,Corporate,South,Christineton,Furniture,Tables,Tables Model-5,Economy,18,0.0,2248.58,670.33
ORD-1016,2022-06-20,CUST-542,Benjamin George,Corporate,North,West Janetmouth,Electronics,Laptops,Laptops Model-11,Economy,1,0.3,2038.01,807.12
ORD-1017,2022-06-08,CUST-129,Joan Garrett,Home Office,Central,Silvaberg,Clothing,Accessories,Accessories Model-4,Same Day,2,0.0,957.59,200.71
ORD-1018,2023-06-05,CUST-404,Samuel Rice,Consumer,South,East Johnhaven,Furniture,Chairs,Chairs Model-26,Standard,19,0.1,409.76,127.4
ORD-1019,2022-07-29,CUST-235,Kaitlin Jones,Corporate,south,Tuckertown,Office Supplies,Binders,Binders Model-43,Same Day,15,0.2,3351.93,422.62
ORD-1020,2023-07-05,CUST-577,Nicole Bird,Corporate,North,New Hunter,Electronics,Phones,Phones Model-16,Same Day,10,0.1,1073.64,309.96
ORD-1021,2023-11-11,CUST-235,Thomas Miller,Consumer,North,Pamelatown,Electronics,Tablets,Tablets Model-48,Express,9,0.2,526.9,1719.69
ORD-1022,2022-09-15,CUST-147,Abigail Atkinson,Home Office,West,Smithstad,Office Supplies,Envelopes,Envelopes Model-18,Standard,1,0.2,4527.63,1646.04
ORD-1023,2023-07-29,CUST-552,Gregory Bailey,Home Office,South,Lake Jenniferberg,Clothing,Accessories,Accessories Model-35,Standard,12,0.5,58.25,-126.94
ORD-1024,2023-01-02,CUST-152,Mark Hartman,Corporate,Central,New Daniel,Office Supplies,Paper,Paper Model-27,Express,8,0.1,1058.28,273.92
ORD-1025,2022-12-07,CUST-442,Sean Armstrong,Home Office,South,Hudsonburgh,Electronics,Laptops,Laptops Model-18,Express,4,0.3,3914.11,646.94
ORD-1026,2022-11-09,CUST-214,Mrs. Victoria Jones,Consumer,South,Joeview,Clothing,Shoes,Shoes Model-26,Same Day,9,0.0,4104.48,1704.04
ORD-1027,2022-01-29,CUST-191,Adrian Arroyo,Home Office,East,South Conniestad,Clothing,Shoes,Shoes Model-3,Standard,20,0.3,585.56,1931.92
ORD-1028,2023-08-14,CUST-323,Christine Johnson,Consumer,Central,New Patricia,Electronics,Accessories,Accessories Model-35,Express,12,0.3,958.49,-197.91
ORD-1029,2022-11-04,CUST-267,Timothy Bauer,Corporate,East,Haleyside,Office Supplies,Paper,Paper Model-36,Express,7,0.3,2540.54,1233.85
ORD-1030,2023-02-20,CUST-246,Brandon Brown,Consumer,West,Cameronborough,Furniture,Shelves,Shelves Model-38,Same Day,15,0.3,2744.21,-299.07
ORD-1031,2022-10-18,CUST-271,Chad Anthony,Consumer,South,Joanneberg,Furniture,Chairs,Chairs Model-44,Same Day,8,0.1,2582.11,1155.76
ORD-1032,2023-03-01,CUST-467,James Smith,Home Office,West,Peterbury,Electronics,Accessories,Accessories Model-32,Economy,8,0.1,,1024.04
ORD-1033,2022-08-13,CUST-365,David Henry,Corporate,North,New Sarah,Electronics,Accessories,Accessories Model-36,Express,4,0.3,887.67,1903.32
ORD-1034,2023-09-20,CUST-318,Michele Bell,Home Office,West,Robertfurt,Office Supplies,Envelopes,Envelopes Model-11,Economy,15,0.2,4076.88,1751.65
ORD-1035,2022-10-09,CUST-220,Allison Smith,Corporate,East,North Seth,Clothing,Pants,Pants Model-21,Standard,5,0.1,2204.96,1341.15
ORD-1036,2023-02-22,CUST-131,John Vang,Consumer,West,Kristineport,Electronics,Accessories,Accessories Model-25,Standard,19,0.3,1661.1,771.63
ORD-1037,2023-07-06,CUST-408,,Consumer,West,Erikastad,Clothing,Accessories,Accessories Model-15,Same Day,14,0.3,3740.1,956.1
ORD-1038,2023-04-24,CUST-373,Jason Dalton,Consumer,West,East Michelle,Clothing,Pants,Pants Model-38,Standard,3,0.3,4598.51,1955.66
ORD-1039,2022-08-05,CUST-550,Tony Campbell,Corporate,East,Coreyhaven,Clothing,Shoes,Shoes Model-49,Economy,9,0.0,2278.95,476.25
ORD-1040,2023-10-28,CUST-120,Robert Mooney,Consumer,South,West Michael,Office Supplies,Pens,Pens Model-13,Standard,20,0.1,352.41,1901.76
ORD-1041,2023-12-18,CUST-410,Elizabeth Morgan,Home Office,North,Port Alyssaside,Furniture,Desks,Desks Model-50,Express,10,0.0,1288.66,548.46
ORD-1042,2022-07-23,CUST-421,Garrett Lopez,Consumer,North,West Stephenchester,Clothing,Accessories,Accessories Model-45,Same Day,20,0.0,389.22,1288.41
ORD-1043,2022-03-12,CUST-534,Christine Cochran,Corporate,West,Mitchellburgh,Clothing,Shoes,Shoes Model-7,Economy,12,0.3,2534.74,484.83
ORD-1044,2023-04-22,CUST-237,Elizabeth Hicks,Corporate,South,Michaelland,Office Supplies,Envelopes,Envelopes Model-6,Same Day,15,0.1,2183.52,1381.36
ORD-1045,2023-05-22,CUST-208,Rachel Gordon,Corporate,East,West Cynthia,Office Supplies,Paper,Paper Model-22,Same Day,20,0.2,4256.25,118.23
ORD-1046,2023-05-16,CUST-343,Kenneth Moran,Home Office,West,Lake Kaitlynberg,Furniture,Desks,Desks Model-29,Standard,3,0.2,2780.33,252.75
ORD-1047,2023-07-21,CUST-481,Elizabeth Brewer,Home Office,East,Johnsonshire,Office Supplies,Envelopes,Envelopes Model-23,Economy,9,0.2,2659.3,678.66
ORD-1048,2022-07-16,CUST-470,Amy Steele,Home Office,Central,Danielshire,Electronics,Laptops,Laptops Model-39,Same Day,4,0.1,1089.76,813.66
ORD-1049,2022-02-16,CUST-457,Johnathan Hunter,Consumer,West,Frankmouth,Furniture,Shelves,Shelves Model-7,Standard,19,0.2,4871.73,972.73
ORD-1050,2023-05-05,CUST-351,Christine Romero,Consumer,Central,East Ginaburgh,Electronics,Tablets,Tablets Model-41,Standard,5,0.1,579.29,-149.71
ORD-1051,2023-07-26,CUST-504,Benjamin Bernard,Home Office,South,East Elizabeth,Furniture,Chairs,Chairs Model-50,Economy,15,0.3,3824.57,1094.53
ORD-1052,2022-08-01,CUST-141,John Clark,Consumer,South,Emilyside,Electronics,Phones,Phones Model-12,Standard,6,0.0,3131.32,308.69
ORD-1053,2022-10-23,CUST-332,Eric Yates,Consumer,South,Wadeport,Electronics,Laptops,Laptops Model-17,Express,14,0.0,3537.71,1316.87
ORD-1054,2022-03-03,CUST-483,Kyle Shannon,Home Office,East,New Kenneth,Furniture,Chairs,Chairs Model-29,Standard,15,0.2,837.95,407.51
ORD-1055,2022-03-24,CUST-476,Timothy Palmer,Corporate,Central,Solisland,Clothing,Accessories,Accessories Model-17,Standard,3,0.1,2994.2,1745.67
ORD-1056,2023-08-14,CUST-340,Jason Schultz,Home Office,West,New David,Electronics,Tablets,Tablets Model-18,Express,19,0.3,210.76,1439.42
ORD-1057,2022-12-08,CUST-182,Toni Thompson,Corporate,West,Amyside,Office Supplies,Envelopes,Envelopes Model-45,Economy,10,0.3,1612.08,-59.42
ORD-1058,2022-11-28,CUST-542,Brian Johnson,Home Office,North,Cohenfurt,Office Supplies,Binders,Binders Model-43,Economy,14,0.0,588.45,1476.86
ORD-1059,2022-07-28,CUST-247,Melanie West,Corporate,west,Ryanfurt,Clothing,Shirts,Shirts Model-8,Standard,20,0.1,1342.61,1.33
ORD-1060,2022-08-19,CUST-336,John Carter,Consumer,South,South Christopherfurt,Clothing,Shirts,Shirts Model-32,Same Day,17,0.2,4961.36,1799.74
ORD-1061,2023-01-28,CUST-482,Isaac Cummings,Consumer,North,New Robert,Clothing,Pants,Pants Model-18,Economy,11,0.5,,1078.57
ORD-1062,2023-04-03,CUST-382,Theresa Kerr,Home Office,West,Lake Tamaraville,Clothing,Pants,Pants Model-30,Same Day,7,0.1,2697.52,493.79
ORD-1063,2023-04-30,CUST-297,Kristen Sanchez,Home Office,South,Davisview,Electronics,Tablets,Tablets Model-32,Standard,5,0.5,3529.09,1566.24
ORD-1064,2023-06-23,CUST-173,Katherine Erickson,Corporate,South,Johnfurt,Clothing,Shirts,Shirts Model-5,Economy,9,0.2,4553.1,-264.7
ORD-1065,2022-11-21,CUST-349,James Vega,Home Office,North,South Clintonchester,Office Supplies,Envelopes,Envelopes Model-40,Standard,8,0.2,3137.73,1741.11
ORD-1066,2023-03-31,CUST-114,April Campbell,Consumer,East,Lake Ricky,Electronics,Phones,Phones Model-4,Same Day,12,0.2,840.16,388.77
ORD-1067,2022-06-29,CUST-417,Kevin Smith,Home Office,South,Josephbury,Furniture,Tables,Tables Model-32,Express,8,0.3,404.05,1702.93
ORD-1068,2023-11-25,CUST-583,Joseph Lee,Corporate,Central,North Alexander,Clothing,Shoes,Shoes Model-20,Economy,9,0.3,2737.52,-130.12
ORD-1069,2022-08-31,CUST-251,Aaron Webster,Home Office,East,Josephfurt,Clothing,Shirts,Shirts Model-2,Economy,9,0.0,1913.01,525.61
ORD-1070,2022-10-21,CUST-510,Lisa Joyce,Corporate,South,Allisonchester,Electronics,Accessories,Accessories Model-41,Express,20,0.2,3880.95,229.27
ORD-1071,2023-10-05,CUST-325,Anita Bowman,Consumer,Central,West Tammyberg,Furniture,Chairs,Chairs Model-24,Express,3,0.2,3235.24,410.55
ORD-1072,2022-06-18,CUST-346,Matthew Wyatt,Corporate,East,East Victoria,Office Supplies,Binders,Binders Model-8,Economy,3,0.1,1292.28,1596.79
ORD-1073,2022-04-03,CUST-374,Pamela Mitchell,Consumer,West,Michaelmouth,Clothing,Shoes,Shoes Model-24,Same Day,19,0.3,3955.5,-267.99
ORD-1074,2022-01-26,CUST-267,Jay Sullivan,Home Office,South,Port Dominicfort,Furniture,Desks,Desks Model-42,Standard,15,0.2,3101.54,1869.29
ORD-1075,2023-05-20,CUST-375,Kenneth Smith,Consumer,West,Nelsonfort,Electronics,Tablets,Tablets Model-30,Same Day,18,0.3,589.44,240.04
ORD-1076,2023-09-23,CUST-116,Todd Conley,Home Office,East,Samuelstad,Electronics,Accessories,Accessories Model-14,Economy,15,0.1,2046.5,1888.5
ORD-1077,2023-02-12,CUST-585,Rhonda Cox,Corporate,North,Nelsonville,Office Supplies,Paper,Paper Model-43,Express,20,0.0,1386.65,1926.88
ORD-1078,2023-07-22,CUST-545,Eric Kim,Consumer,East,West Joseph,Furniture,Chairs,Chairs Model-50,Express,20,0.0,1043.72,196.69
ORD-1079,2022-04-23,CUST-107,Jamie King,Corporate,South,Michaelport,Office Supplies,Pens,Pens Model-38,Same Day,1,0.1,3308.68,-240.71
ORD-1080,2023-05-03,CUST-403,Sydney Hartman,Consumer,West,New Melissaberg,Electronics,Phones,Phones Model-33,Express,20,0.0,2246.89,532.69
ORD-1081,2023-10-21,CUST-345,Ronald Baird,Corporate,West,Port Reneemouth,Office Supplies,Envelopes,Envelopes Model-44,Standard,16,0.3,4820.49,-160.1
ORD-1082,2022-10-09,CUST-464,Anthony Davis,Corporate,West,Lake Nicholas,Electronics,Laptops,Laptops Model-39,Same Day,15,0.5,3125.34,1046.34
ORD-1083,2023-04-08,CUST-523,Emma Ramirez,Corporate,West,Woodmouth,Furniture,Desks,Desks Model-27,Standard,11,0.3,4441.57,651.77
ORD-1084,2022-04-04,CUST-149,Kristen Williams,Home Office,East,Wendyfurt,Clothing,Shirts,Shirts Model-9,Standard,19,0.5,4160.54,-85.57
ORD-1085,2022-10-22,CUST-395,Robert Ballard,Home Office,South,South Brandy,Clothing,Shirts,Shirts Model-10,Economy,8,0.0,3006.05,508.79
ORD-1086,2023-03-16,CUST-519,,Home Office,Central,Burnsbury,Office Supplies,Pens,Pens Model-44,Standard,20,0.2,4227.32,1941.46
ORD-1087,2022-01-07,CUST-436,Brandy Boyer,Corporate,North,South Anthony,Office Supplies,Binders,Binders Model-10,Standard,3,0.5,915.21,29.48
ORD-1088,2022-11-29,CUST-143,Alexander Arias,Consumer,South,Carpenterfort,Office Supplies,Binders,Binders Model-11,Standard,3,0.2,3886.41,1005.47
ORD-1089,2022-08-09,CUST-320,,Consumer,East,South Gerald,Clothing,Shoes,Shoes Model-44,Economy,17,0.2,3777.17,-38.22
ORD-1090,2022-11-05,CUST-491,Todd Roach,Corporate,East,Webstershire,Electronics,Laptops,Laptops Model-21,Standard,1,0.3,4727.17,1464.9
ORD-1091,2022-03-15,CUST-323,Steven Reid,Consumer,West,Lake Christineborough,Furniture,Shelves,Shelves Model-5,Same Day,19,0.3,1991.39,1406.7
ORD-1092,2022-01-22,CUST-585,Erika Barber,Home Office,West,Andrewhaven,Electronics,Accessories,Accessories Model-45,Same Day,3,0.3,4831.34,95.31
ORD-1093,2022-11-14,CUST-498,Nicholas Stone,Consumer,North,East Cynthiamouth,Electronics,Accessories,Accessories Model-33,Standard,17,0.5,3731.57,209.62
ORD-1094,2022-04-16,CUST-408,Michael Rodriguez,Consumer,North,New Patrick,Furniture,Tables,Tables Model-12,Economy,15,0.5,740.76,153.73
ORD-1095,2022-06-04,CUST-423,Kevin Sanchez Jr.,Corporate,East,Melissaview,Office Supplies,Binders,Binders Model-38,Standard,12,0.5,2204.42,778.52
ORD-1096,2022-03-20,CUST-146,Julie Myers,Home Office,Central,Kristenfort,Office Supplies,Binders,Binders Model-33,Economy,15,0.5,3226.89,1947.95
ORD-1097,2022-11-26,CUST-590,Amy Walsh,Consumer,West,South Kimchester,Clothing,Pants,Pants Model-7,Same Day,3,0.5,3028.98,853.14
ORD-1098,2023-01-08,CUST-309,Jessica Wilson,Corporate,Central,Port Sandrafurt,Clothing,Pants,Pants Model-4,Same Day,3,0.2,1870.53,350.66
ORD-1099,2022-03-25,CUST-279,Leon Merritt,Corporate,West,West Lindsey,Furniture,Shelves,Shelves Model-9,Standard,10,0.5,2917.87,25.29
ORD-1100,2023-06-05,CUST-192,Mr. Scott Kerr,Consumer,East,East Theresa,Electronics,Accessories,Accessories Model-50,Economy,7,0.1,1815.52,533.97
ORD-1101,2023-11-09,CUST-167,Jacob Allison,Home Office,West,Bakerchester,Electronics,Phones,Phones Model-10,Express,6,0.5,1690.45,1462.51
ORD-1102,2023-11-24,CUST-412,Kelly Evans,Corporate,West,Tashaport,Clothing,Shoes,Shoes Model-15,Express,10,0.3,3600.73,1930.05
ORD-1103,2022-10-16,CUST-314,James Lamb,Consumer,South,Beardtown,Clothing,Accessories,Accessories Model-39,Express,9,0.0,3892.84,856.69
ORD-1104,2022-10-19,CUST-330,Albert Coleman,Home Office,South,West Glen,Electronics,Phones,Phones Model-28,Standard,8,0.3,428.54,68.72
ORD-1105,2022-08-30,CUST-214,,Consumer,East,Stephenside,Clothing,Shoes,Shoes Model-7,Same Day,5,0.1,1936.97,-112.31
ORD-1106,2023-04-05,CUST-109,Lisa Johnson,Corporate,South,Jonesshire,Furniture,Desks,Desks Model-10,Economy,4,0.2,3080.59,1783.47
ORD-1107,2022-04-24,CUST-374,Brendan Turner,Consumer,Central,Williamport,Clothing,Shirts,Shirts Model-37,Express,5,0.2,4185.07,849.61
ORD-1108,2023-11-12,CUST-284,,Consumer,Central,Lake Amandaside,Clothing,Pants,Pants Model-35,Standard,13,0.3,3344.39,904.01
ORD-1109,2022-03-11,CUST-421,David Wilcox,Consumer,Central,Nelsonport,Electronics,Tablets,Tablets Model-48,Same Day,5,0.0,1730.56,1385.76
ORD-1110,2023-10-09,CUST-466,Mary Palmer,Corporate,North,Millershire,Clothing,Accessories,Accessories Model-19,Express,2,0.1,919.57,10.16
ORD-1111,2022-09-17,CUST-246,Valerie Arroyo,Corporate,North,Craigstad,Clothing,Accessories,Accessories Model-42,Same Day,9,0.0,192.74,1187.87
ORD-1112,2022-12-14,CUST-354,Thomas White,Corporate,Central,Kellyburgh,Clothing,Accessories,Accessories Model-18,Standard,14,0.0,4868.88,841.27
ORD-1113,2022-04-16,CUST-256,Ashley Barajas,Corporate,Central,Mooreville,Office Supplies,Binders,Binders Model-46,Economy,6,0.3,409.54,1220.11
ORD-1114,2022-10-09,CUST-129,Alison Martinez,Consumer,West,Matthewchester,Office Supplies,Envelopes,Envelopes Model-24,Express,1,0.1,3200.95,1520.4
ORD-1115,2022-08-30,CUST-296,Christopher Wolfe,Home Office,North,Port Michael,Furniture,Chairs,Chairs Model-39,Express,15,0.2,3894.79,542.56
ORD-1116,2022-11-18,CUST-158,Zachary Pearson,Consumer,South,Christopherbury,Office Supplies,Envelopes,Envelopes Model-32,Economy,18,0.0,3251.31,274.11
ORD-1117,2022-07-24,CUST-331,Eric Myers,Consumer,West,East Judithton,Office Supplies,Envelopes,Envelopes Model-6,Same Day,12,0.0,621.96,1661.5
ORD-1118,2023-01-06,CUST-202,Courtney Phillips,Consumer,South,Michaelburgh,Furniture,Tables,Tables Model-32,Standard,12,0.5,2548.69,-20.87
ORD-1119,2022-03-09,CUST-468,Robert Anderson,Corporate,Central,West Patricia,Furniture,Chairs,Chairs Model-27,Economy,19,0.0,1553.36,1999.07
ORD-1120,2022-05-12,CUST-427,Brandy Smith,Home Office,South,Quinnburgh,Clothing,Shoes,Shoes Model-50,Express,14,0.5,4391.02,1494.6
ORD-1121,2022-06-18,CUST-215,Eric Blair,Corporate,Central,Michellefort,Furniture,Shelves,Shelves Model-19,Standard,9,0.1,818.22,1849.9
ORD-1122,2023-05-30,CUST-397,Cheryl Powers,Consumer,South,East Francesmouth,Office Supplies,Paper,Paper Model-43,Same Day,19,0.0,,1061.16
ORD-1123,2023-08-09,CUST-354,Deborah Gray,Home Office,Central,North Julie,Office Supplies,Pens,Pens Model-19,Same Day,16,0.1,2088.77,1169.68
ORD-1124,2022-06-11,CUST-204,James Fox,Corporate,Central,Angelicaland,Electronics,Phones,Phones Model-10,Same Day,11,0.2,2203.63,813.78
ORD-1125,2022-09-05,CUST-226,Stacie Woods,Consumer,North,South Connor,Electronics,Tablets,Tablets Model-4,Same Day,13,0.5,2337.7,315.18
ORD-1126,2022-07-14,CUST-363,Brianna Guzman,Corporate,West,West Lisa,Office Supplies,Binders,Binders Model-20,Economy,1,0.0,3817.98,846.01
ORD-1127,2022-02-19,CUST-551,Cameron Brown,Home Office,West,East Dan,Furniture,Shelves,Shelves Model-19,Standard,4,0.3,262.2,838.26
ORD-1128,2022-02-16,CUST-199,Heather Graham,Corporate,Central,Murrayhaven,Clothing,Shoes,Shoes Model-19,Standard,13,0.5,2008.9,1011.65
ORD-1129,2022-04-10,CUST-273,George Gonzalez,Home Office,East,Samanthaview,Electronics,Laptops,Laptops Model-49,Express,7,0.5,1975.58,1528.26
ORD-1130,2023-05-01,CUST-557,Sarah Gill,Home Office,South,Lake Taylorbury,Furniture,Shelves,Shelves Model-21,Same Day,6,0.3,2601.47,42.56
ORD-1131,2023-12-27,CUST-108,Roberta Clark,Corporate,East,West Oliviamouth,Office Supplies,Envelopes,Envelopes Model-44,Standard,14,0.5,2818.99,792.25
ORD-1132,2022-09-29,CUST-497,Heather Weaver,Home Office,Central,Scottborough,Electronics,Accessories,Accessories Model-15,Standard,19,0.3,4835.68,1500.68
ORD-1133,2023-11-29,CUST-458,Tammy Hancock,Consumer,South,Amymouth,Clothing,Pants,Pants Model-2,Economy,11,0.3,1218.56,1016.91
ORD-1134,2023-12-24,CUST-266,Susan Miller,Home Office,West,Aguilarfort,Clothing,Shirts,Shirts Model-34,Economy,11,0.1,699.03,176.89
ORD-1135,2022-07-16,CUST-252,Jason Freeman,Consumer,East,Brandyburgh,Office Supplies,Envelopes,Envelopes Model-50,Same Day,7,0.3,4787.11,341.71
ORD-1136,2022-05-05,CUST-558,William Hickman,Corporate,East,West Cindy,Office Supplies,Binders,Binders Model-50,Express,10,0.0,2871.65,949.34
ORD-1137,2023-05-06,CUST-238,Steve Brown,Home Office,East,Lake Nancyberg,Clothing,Shoes,Shoes Model-9,Standard,20,0.5,1077.79,1604.29
ORD-1138,2022-02-23,CUST-341,Justin Stanton,Consumer,South,Lake Victoriamouth,Furniture,Tables,Tables Model-1,Express,14,0.3,509.99,459.68
ORD-1139,2023-10-24,CUST-433,Chad Good,Home Office,South,West Natalie,Office Supplies,Binders,Binders Model-35,Standard,6,0.3,305.22,1468.07
ORD-1140,2022-07-10,CUST-574,Ashley Harrell,Corporate,North,Quinnchester,Clothing,Accessories,Accessories Model-1,Same Day,19,0.5,4683.68,1912.9
ORD-1141,2023-06-01,CUST-157,,Corporate,South,New Paulstad,Clothing,Pants,Pants Model-47,Economy,9,0.1,2345.42,143.47
ORD-1142,2023-09-18,CUST-523,Karen Hunter,Corporate,Central,Port Rita,Furniture,Tables,Tables Model-21,Standard,13,0.0,4282.17,1763.2
ORD-1143,2022-09-25,CUST-236,Robert Boyd,Corporate,East,Sarahburgh,Furniture,Chairs,Chairs Model-38,Standard,9,0.2,1924.04,727.49
ORD-1144,2023-02-20,CUST-554,Bobby Davis,Home Office,East,West James,Office Supplies,Pens,Pens Model-45,Standard,10,0.2,3433.51,1823.14
ORD-1145,2023-09-13,CUST-567,Marc Buchanan,Corporate,Central,South Angelaville,Furniture,Desks,Desks Model-43,Express,8,0.5,1874.39,1314.46
ORD-1146,2023-08-01,CUST-562,Patrick Bell,Home Office,South,East Jenniferborough,Office Supplies,Paper,Paper Model-37,Express,6,0.2,569.92,1606.18
ORD-1147,2023-06-07,CUST-167,Crystal Peterson,Home Office,West,Port Breannamouth,Clothing,Shirts,Shirts Model-30,Standard,18,0.3,2232.96,-172.04
ORD-1148,2022-08-12,CUST-276,,Home Office,North,Gamblemouth,Office Supplies,Paper,Paper Model-35,Standard,3,0.3,2895.77,-195.83
ORD-1149,2023-01-27,CUST-293,Kevin Adkins,Corporate,North,East Laura,Clothing,Shoes,Shoes Model-44,Express,12,0.0,2248.2,1809.36
ORD-1150,2022-01-24,CUST-468,William Smith,Home Office,West,Kimberlyhaven,Furniture,Chairs,Chairs Model-35,Economy,8,0.1,4892.67,764.91
ORD-1151,2023-11-08,CUST-552,,Consumer,South,East Benjaminchester,Electronics,Phones,Phones Model-14,Standard,4,0.5,2102.01,1461.92
ORD-1152,2022-02-15,CUST-211,Justin Hernandez,Consumer,South,New Christopherport,Electronics,Laptops,Laptops Model-33,Same Day,8,0.5,2017.3,238.98
ORD-1153,2022-11-06,CUST-366,Ronald Perez Jr.,Consumer,West,Joshuamouth,Office Supplies,Pens,Pens Model-20,Same Day,2,0.5,4382.53,1967.1
ORD-1154,2022-02-18,CUST-443,Gloria Obrien,Corporate,Central,South Williamshire,Clothing,Accessories,Accessories Model-21,Economy,14,0.1,4861.73,1865.65
ORD-1155,2022-11-04,CUST-337,Sharon Barry,Consumer,Central,Davisstad,Furniture,Tables,Tables Model-27,Economy,18,0.5,4289.13,32.01
ORD-1156,2023-01-15,CUST-197,Matthew Myers,Consumer,East,Williamsmouth,Electronics,Accessories,Accessories Model-25,Standard,3,0.1,471.4,1366.54
ORD-1157,2022-08-02,CUST-589,Frank Mcdonald,Consumer,South,Millerburgh,Furniture,Desks,Desks Model-13,Standard,16,0.1,4348.67,465.82
ORD-1158,2022-10-17,CUST-283,Kerry Thompson,Corporate,East,Michaelchester,Furniture,Shelves,Shelves Model-24,Economy,15,0.0,1909.5,927.4
ORD-1159,2023-01-15,CUST-542,Jesus Hamilton,Consumer,South,South Paula,Office Supplies,Pens,Pens Model-2,Same Day,18,0.5,1571.48,-194.85
ORD-1160,2023-01-24,CUST-381,Paige Schwartz,Home Office,East,Aguirremouth,Office Supplies,Pens,Pens Model-17,Economy,16,0.3,2853.25,265.18
ORD-1161,2023-07-10,CUST-368,Carla Hinton,Consumer,North,Brownburgh,Clothing,Pants,Pants Model-43,Standard,1,0.3,4951.71,1901.64
ORD-1162,2022-08-12,CUST-416,Robert Rowe,Home Office,central,East Robert,Furniture,Chairs,Chairs Model-31,Economy,1,0.0,2533.61,558.36
ORD-1163,2022-01-18,CUST-320,Allen Wallace,Consumer,North,North Davidstad,Office Supplies,Binders,Binders Model-7,Express,8,0.1,2516.06,1305.08
ORD-1164,2023-01-18,CUST-224,Michael Turner,Home Office,South,North Mariaberg,Clothing,Shirts,Shirts Model-20,Standard,2,0.0,4796.9,755.69
ORD-1165,2022-03-26,CUST-501,Lucas Hill,Corporate,Central,Marialand,Electronics,Laptops,Laptops Model-7,Standard,8,0.1,2504.29,697.99
ORD-1166,2022-03-18,CUST-378,Krista Burton,Home Office,North,New Kimberly,Office Supplies,Paper,Paper Model-12,Same Day,1,0.1,3425.3,344.86
ORD-1167,2022-11-03,CUST-527,Sara Myers,Corporate,Central,Lake Edwardhaven,Clothing,Shirts,Shirts Model-22,Economy,5,0.0,820.63,253.09
ORD-1168,2022-03-19,CUST-588,Laurie Oneal,Home Office,West,Lake Sharon,Clothing,Pants,Pants Model-50,Same Day,1,0.2,1709.56,1468.71
ORD-1169,2022-07-10,CUST-143,Bonnie Haney,Home Office,East,Martinbury,Clothing,Accessories,Accessories Model-16,Standard,3,0.2,3401.68,1219.55
ORD-1170,2023-01-05,CUST-257,Shelly White,Corporate,East,New Laura,Clothing,Shoes,Shoes Model-49,Same Day,4,0.1,541.69,-288.05
ORD-1171,2022-01-27,CUST-405,Mary Clayton,Home Office,East,Camachoview,Clothing,Shirts,Shirts Model-25,Standard,10,0.3,457.2,974.71
ORD-1172,2023-12-03,CUST-254,Eric Chandler,Corporate,West,Hayeshaven,Furniture,Tables,Tables Model-10,Standard,6,0.3,1909.85,19.33
ORD-1173,2022-09-10,CUST-415,Amy Perez,Consumer,West,South Sharon,Office Supplies,Binders,Binders Model-7,Express,10,0.0,3607.29,840.35
ORD-1174,2022-12-09,CUST-433,Eugene Murphy,Home Office,South,Lake Shawn,Office Supplies,Envelopes,Envelopes Model-20,Same Day,20,0.1,2158.77,1594.13
ORD-1175,2023-12-13,CUST-500,Regina Wagner,Consumer,East,West Rickfurt,Office Supplies,Binders,Binders Model-25,Same Day,13,0.2,3168.18,1925.86
ORD-1176,2023-04-18,CUST-508,Lisa Wilkerson,Corporate,North,Torresshire,Furniture,Chairs,Chairs Model-27,Economy,5,0.2,4715.44,182.19
ORD-1177,2023-04-05,CUST-305,David Ramsey,Home Office,Central,East Markfurt,Clothing,Shirts,Shirts Model-45,Economy,18,0.0,4953.6,802.24
ORD-1178,2022-09-12,CUST-431,Richard Arnold,Home Office,North,Daltonchester,Electronics,Phones,Phones Model-37,Economy,11,0.3,3291.43,516.52
ORD-1179,2023-01-19,CUST-401,Dan Robinson,Home Office,Central,Chapmanview,Furniture,Desks,Desks Model-10,Same Day,1,0.3,1961.76,1476.39
ORD-1180,2022-12-23,CUST-205,Janice Wright,Home Office,West,Kimbury,Electronics,Laptops,Laptops Model-23,Economy,4,0.3,1566.33,747.27
ORD-1181,2022-01-24,CUST-446,Jonathan Green,Consumer,South,North Justin,Electronics,Phones,Phones Model-34,Express,18,0.1,4247.41,1190.33
ORD-1182,2022-07-10,CUST-114,Robert Griffin,Home Office,Central,Olivertown,Clothing,Pants,Pants Model-13,Economy,19,0.3,3205.99,693.91
ORD-1183,2023-07-04,CUST-334,Christopher Gordon,Consumer,East,South Robert,Electronics,Phones,Phones Model-43,Economy,17,0.2,942.93,449.77
ORD-1184,2023-04-14,CUST-461,Katrina Andrews,Corporate,Central,Belindamouth,Office Supplies,Binders,Binders Model-38,Standard,5,0.2,3090.64,1571.6
ORD-1185,2023-03-05,CUST-316,Richard Curry III,Consumer,West,South Laurashire,Furniture,Desks,Desks Model-41,Express,18,0.1,2986.16,1022.05
ORD-1186,2023-01-03,CUST-199,Bailey Crawford,Corporate,Central,Thomashaven,Clothing,Shirts,Shirts Model-33,Economy,14,0.3,4759.69,814.6
ORD-1187,2022-08-14,CUST-375,David Paul,Corporate,South,Melissafort,Electronics,Phones,Phones Model-50,Economy,19,0.3,1467.53,332.16
ORD-1188,2023-03-28,CUST-152,Gina Vega,Home Office,South,Lake Fred,Office Supplies,Paper,Paper Model-20,Standard,15,0.2,2736.3,1976.48
ORD-1189,2022-08-03,CUST-279,Jeffrey Turner,Home Office,Central,Oneillton,Electronics,Laptops,Laptops Model-41,Economy,6,0.5,4055.41,1052.22
ORD-1190,2023-06-30,CUST-265,Norman Franklin,Home Office,East,West Jackside,Electronics,Tablets,Tablets Model-19,Same Day,17,0.0,1412.61,939.17
ORD-1191,2023-11-03,CUST-227,Kevin Wade,Consumer,East,Port Brady,Electronics,Tablets,Tablets Model-16,Economy,16,0.1,643.17,1691.98
ORD-1192,2023-10-11,CUST-306,Megan Barrett,Home Office,East,Boydton,Clothing,Shirts,Shirts Model-45,Same Day,15,0.3,,1468.43
ORD-1193,2023-10-13,CUST-132,Julie Mitchell,Home Office,West,Smithstad,Electronics,Accessories,Accessories Model-14,Economy,7,0.3,3324.08,523.91
ORD-1194,2022-12-18,CUST-123,David Johnson,Consumer,West,Stephenstown,Furniture,Desks,Desks Model-2,Standard,6,0.3,4471.83,1453.18
ORD-1195,2022-06-12,CUST-147,Laura Wilson,Home Office,East,Bradyside,Furniture,Shelves,Shelves Model-17,Standard,12,0.1,4373.37,1716.17
ORD-1196,2023-11-03,CUST-209,,Corporate,North,North Nicoleburgh,Furniture,Desks,Desks Model-9,Express,17,0.3,465.08,-81.08
ORD-1197,2023-05-05,CUST-474,Steven Hill,Consumer,North,South Brittany,Clothing,Pants,Pants Model-21,Same Day,10,0.1,363.43,581.06
ORD-1198,2023-06-28,CUST-184,Rebecca Thomas,Corporate,East,Markshire,Furniture,Chairs,Chairs Model-47,Express,5,0.3,2820.82,1103.73
ORD-1199,2022-05-07,CUST-593,Katie Hill,Corporate,East,Christianchester,Electronics,Laptops,Laptops Model-9,Express,9,0.0,2951.97,583.27
ORD-1200,2023-11-06,CUST-410,Jessica Matthews,Home Office,South,Stuartburgh,Office Supplies,Paper,Paper Model-48,Economy,10,0.0,4380.38,172.53
ORD-1201,2022-09-04,CUST-370,Evelyn Crane,Consumer,East,Port Pennyport,Clothing,Shirts,Shirts Model-21,Express,13,0.5,2502.92,1066.04
ORD-1202,2022-01-18,CUST-210,Michele Costa,Consumer,North,Manuelbury,Clothing,Shirts,Shirts Model-26,Same Day,17,0.3,2940.94,-268.28
ORD-1203,2022-03-27,CUST-204,Crystal Tapia,Consumer,Central,Carlmouth,Furniture,Shelves,Shelves Model-21,Economy,19,0.0,1556.44,876.0
ORD-1204,2022-09-08,CUST-332,,Home Office,central,Sotofurt,Furniture,Chairs,Chairs Model-4,Same Day,6,0.0,440.2,699.31
ORD-1205,2023-06-20,CUST-232,Alex Leach,Consumer,East,New Gregory,Clothing,Shoes,Shoes Model-9,Same Day,4,0.0,2590.94,1591.77
ORD-1206,2023-05-24,CUST-355,Cathy Sims,Home Office,South,New Kimberly,Office Supplies,Paper,Paper Model-24,Express,9,0.0,2281.44,528.28
ORD-1207,2022-01-13,CUST-296,Christina Henderson,Consumer,South,Sabrinashire,Electronics,Phones,Phones Model-3,Economy,8,0.2,1230.31,785.06
ORD-1208,2022-05-03,CUST-191,Kevin Jackson,Consumer,Central,East Matthew,Electronics,Tablets,Tablets Model-3,Economy,3,0.3,2515.18,1774.46
ORD-1209,2022-01-09,CUST-501,Bradley Page,Corporate,Central,New Susanmouth,Electronics,Accessories,Accessories Model-16,Economy,12,0.5,1850.91,370.67
ORD-1210,2022-01-07,CUST-377,Emily Castillo,Corporate,North,Reneechester,Furniture,Tables,Tables Model-22,Standard,13,0.2,4662.66,-245.01
ORD-1211,2022-05-26,CUST-571,Raymond Rivera,Consumer,Central,Jeffersonland,Clothing,Shirts,Shirts Model-27,Same Day,15,0.0,3561.15,-86.04
ORD-1212,2023-08-30,CUST-593,Emily Burns,Consumer,South,Juliehaven,Clothing,Shirts,Shirts Model-19,Same Day,11,0.3,2843.43,700.46
ORD-1213,2022-03-18,CUST-494,Ashley Snyder,Home Office,North,Stevensview,Office Supplies,Pens,Pens Model-10,Standard,6,0.3,4718.34,13.06
ORD-1214,2022-11-12,CUST-146,Jacqueline Collins,Consumer,East,Andrewburgh,Furniture,Desks,Desks Model-46,Standard,7,0.2,2322.1,1660.71
ORD-1215,2023-11-25,CUST-189,Sandra Thompson,Consumer,West,Valdezburgh,Clothing,Shirts,Shirts Model-29,Express,4,0.3,1501.22,1586.21
ORD-1216,2022-05-14,CUST-451,Elizabeth Bender,Home Office,North,Davidburgh,Electronics,Laptops,Laptops Model-38,Same Day,3,0.0,998.68,621.34
ORD-1217,2022-12-06,CUST-125,Patty Herrera,Consumer,Central,Lake Benjaminview,Furniture,Chairs,Chairs Model-28,Economy,16,0.0,621.41,1867.25
ORD-1218,2022-10-14,CUST-414,Cassandra Burke,Home Office,Central,Victoriamouth,Furniture,Shelves,Shelves Model-16,Same Day,16,0.3,2235.6,41.85
ORD-1219,2023-03-06,CUST-369,Melinda Perkins,Consumer,Central,Lake Kathyside,Clothing,Pants,Pants Model-2,Economy,12,0.3,1005.29,1734.7
ORD-1220,2022-10-04,CUST-212,Jimmy Hall,Consumer,East,Wadetown,Office Supplies,Envelopes,Envelopes Model-4,Economy,17,0.2,907.28,433.42
ORD-1221,2023-11-04,CUST-505,Paul Jones,Home Office,North,Jonathanburgh,Electronics,Laptops,Laptops Model-49,Express,19,0.3,1213.35,927.49
ORD-1222,2023-08-30,CUST-283,John Patel,Home Office,North,Andreton,Furniture,Tables,Tables Model-46,Same Day,19,0.5,1596.84,1397.64
ORD-1223,2022-06-29,CUST-219,Maria Horne,Home Office,South,Phyllishaven,Clothing,Shoes,Shoes Model-2,Economy,1,0.2,2457.28,-92.41
ORD-1224,2022-03-02,CUST-569,Wendy Clay,Consumer,North,New Rebecca,Furniture,Shelves,Shelves Model-34,Same Day,3,0.2,119.35,1049.2
ORD-1225,2022-11-27,CUST-585,Kristen Fisher,Corporate,West,Crawfordchester,Office Supplies,Binders,Binders Model-42,Same Day,6,0.5,690.89,62.26
ORD-1226,2023-01-23,CUST-165,Victor Norton,Consumer,North,Torreshaven,Furniture,Tables,Tables Model-45,Economy,19,0.0,1541.05,1283.55
ORD-1227,2023-05-24,CUST-221,,Corporate,East,Cooktown,Furniture,Chairs,Chairs Model-11,Standard,11,0.3,711.81,1414.29
ORD-1228,2022-04-21,CUST-324,Austin Love,Home Office,West,North Susanchester,Office Supplies,Binders,Binders Model-11,Economy,16,0.3,3604.86,-189.26
ORD-1229,2023-04-08,CUST-250,Brittany Moore,Consumer,East,Allenmouth,Furniture,Tables,Tables Model-17,Standard,3,0.2,377.81,1645.25
ORD-1230,2023-09-01,CUST-460,Melinda Mason,Consumer,West,Karaport,Electronics,Tablets,Tablets Model-42,Express,20,0.3,4926.53,1754.42
ORD-1231,2023-12-15,CUST-376,Brett Oliver,Corporate,East,Lake Shannonmouth,Furniture,Desks,Desks Model-20,Express,4,0.0,2775.02,1828.82
ORD-1232,2022-01-04,CUST-438,Jacob Gonzalez,Home Office,Central,Scottbury,Electronics,Tablets,Tablets Model-31,Express,4,0.0,2143.75,377.46
ORD-1233,2022-11-12,CUST-558,Troy Sparks,Home Office,East,South Carriehaven,Clothing,Shirts,Shirts Model-6,Economy,6,0.2,3926.53,783.17
ORD-1234,2023-04-22,CUST-388,Troy Reed,Consumer,South,Campbellland,Office Supplies,Envelopes,Envelopes Model-49,Standard,3,0.2,1324.37,1625.28
ORD-1235,2023-02-01,CUST-374,Andrea Campbell,Home Office,West,Lake John,Furniture,Chairs,Chairs Model-37,Express,16,0.2,4093.84,662.85
ORD-1236,2023-04-05,CUST-597,Christopher Smith,Consumer,South,New Roger,Furniture,Chairs,Chairs Model-9,Standard,14,0.0,872.67,1964.05
ORD-1237,2022-11-24,CUST-134,Robin Pope,Consumer,West,West Robert,Furniture,Shelves,Shelves Model-36,Economy,18,0.2,4554.91,1802.6
ORD-1238,2022-04-26,CUST-401,James Kelly,Home Office,North,Lake Edwardville,Electronics,Accessories,Accessories Model-7,Standard,10,0.5,2078.07,40.86
ORD-1239,2022-02-08,CUST-416,,Home Office,West,Chaseland,Clothing,Accessories,Accessories Model-3,Economy,11,0.1,869.28,626.84
ORD-1240,2022-12-12,CUST-243,Debra Thompson,Corporate,North,South Bryanberg,Office Supplies,Paper,Paper Model-15,Express,10,0.3,4088.76,397.03
ORD-1241,2023-03-29,CUST-479,Danielle Duarte,Corporate,Central,Andersonfort,Electronics,Laptops,Laptops Model-24,Standard,17,0.1,1064.84,1595.13
ORD-1242,2022-07-17,CUST-129,Gregory Lee,Consumer,North,North Jasmine,Electronics,Laptops,Laptops Model-30,Standard,12,0.1,4377.15,161.67
ORD-1243,2022-09-05,CUST-190,Christopher Lloyd,Corporate,Central,Williamburgh,Electronics,Phones,Phones Model-36,Same Day,12,0.1,1868.61,1066.3
ORD-1244,2022-01-29,CUST-392,Luke Pennington,Consumer,South,Christopherfurt,Electronics,Tablets,Tablets Model-42,Express,7,0.2,1938.96,74.69
ORD-1245,2022-05-16,CUST-104,Tina Dunn MD,Consumer,East,Singletonland,Electronics,Accessories,Accessories Model-39,Same Day,9,0.3,3240.38,1082.63
ORD-1246,2022-11-06,CUST-303,Gina Robinson,Home Office,North,Romanport,Furniture,Desks,Desks Model-1,Same Day,18,0.5,3389.21,1595.91
ORD-1247,2022-10-11,CUST-233,Bryan Wood,Home Office,East,Riveraland,Electronics,Tablets,Tablets Model-13,Express,17,0.1,3206.57,1681.43
ORD-1248,2023-11-29,CUST-354,Rachel Hill,Corporate,East,Lake Logan,Clothing,Shoes,Shoes Model-27,Economy,13,0.0,708.25,-241.45
ORD-1249,2023-12-04,CUST-564,Madison Hill,Home Office,East,Weberton,Office Supplies,Pens,Pens Model-33,Same Day,6,0.5,2677.83,1505.26
ORD-1250,2023-11-28,CUST-213,Linda Smith,Corporate,South,Port Roberthaven,Office Supplies,Pens,Pens Model-48,Same Day,14,0.2,4498.96,1205.2
ORD-1251,2022-02-24,CUST-583,Jason Smith,Home Office,North,Jamesshire,Electronics,Accessories,Accessories Model-31,Express,17,0.0,4333.3,1042.22
ORD-1252,2022-05-21,CUST-391,Jessica Smith DDS,Corporate,South,West Reneefort,Electronics,Laptops,Laptops Model-21,Express,3,0.3,4961.82,488.14
ORD-1253,2023-04-08,CUST-186,Kimberly Butler,Home Office,South,Elizabethberg,Electronics,Phones,Phones Model-32,Standard,5,0.5,1374.9,1450.74
ORD-1254,2022-01-05,CUST-291,James Clayton,Consumer,East,West Tommy,Clothing,Accessories,Accessories Model-49,Express,1,0.0,198.25,158.65
ORD-1255,2022-05-13,CUST-256,Samantha Jackson,Consumer,North,North Benjamin,Office Supplies,Binders,Binders Model-3,Same Day,10,0.3,522.51,857.67
ORD-1256,2023-05-17,CUST-585,Danielle Watson,Corporate,North,East Benjaminchester,Furniture,Shelves,Shelves Model-15,Express,5,0.1,1802.66,133.38
ORD-1257,2023-01-20,CUST-373,,Home Office,North,Lake Dana,Office Supplies,Paper,Paper Model-39,Standard,4,0.0,4383.96,288.32
ORD-1258,2023-05-01,CUST-451,Hector Nelson,Home Office,North,West Michaeltown,Electronics,Tablets,Tablets Model-20,Economy,4,0.5,3512.32,172.64
ORD-1259,2022-10-17,CUST-201,Amber Jimenez,Home Office,South,Kelleybury,Electronics,Phones,Phones Model-50,Same Day,17,0.1,578.92,-55.59
ORD-1260,2023-12-06,CUST-101,Ryan Tucker,Consumer,North,Owenshaven,Clothing,Pants,Pants Model-8,Economy,5,0.0,4666.29,460.39
ORD-1261,2023-04-13,CUST-337,Danielle Barnett,Consumer,North,Danaville,Office Supplies,Pens,Pens Model-12,Standard,10,0.2,4943.44,380.85
ORD-1262,2022-01-10,CUST-187,Ann Wright,Corporate,East,Lake Johnfurt,Electronics,Phones,Phones Model-29,Same Day,3,0.2,4261.47,1225.72
ORD-1263,2023-01-30,CUST-315,Gary Dillon,Home Office,South,North Timothytown,Clothing,Shoes,Shoes Model-8,Express,2,0.1,3452.61,799.96
ORD-1264,2023-09-18,CUST-114,Brian Butler,Home Office,South,Sheliashire,Clothing,Pants,Pants Model-31,Economy,4,0.3,1904.96,524.78
ORD-1265,2023-11-17,CUST-452,Jill Sweeney,Home Office,Central,South Megan,Electronics,Laptops,Laptops Model-7,Economy,8,0.3,4366.99,893.93
ORD-1266,2023-10-21,CUST-340,James Garcia,Corporate,South,Lake Sherry,Electronics,Phones,Phones Model-5,Economy,11,0.1,4672.51,862.81
ORD-1267,2022-08-29,CUST-393,Tyler Peters MD,Corporate,north,Friedmanburgh,Clothing,Accessories,Accessories Model-32,Economy,11,0.0,403.36,721.63
ORD-1268,2022-02-06,CUST-146,Jose Phillips,Home Office,Central,South Rhondaview,Clothing,Accessories,Accessories Model-41,Same Day,17,0.5,2790.08,-299.61
ORD-1269,2022-08-17,CUST-492,Cody Williams,Home Office,central,Lake Lisamouth,Office Supplies,Paper,Paper Model-31,Same Day,15,0.0,4223.14,463.54
ORD-1270,2023-07-15,CUST-123,Erika Jones,Consumer,West,South Brittanyville,Office Supplies,Binders,Binders Model-9,Economy,4,0.2,2614.71,1314.82
ORD-1271,2023-04-14,CUST-273,Jennifer Garcia,Consumer,West,New Matthew,Clothing,Pants,Pants Model-3,Standard,15,0.3,4124.53,138.33
ORD-1272,2023-06-28,CUST-321,Jennifer Ramirez,Home Office,West,East Cassandra,Clothing,Shirts,Shirts Model-33,Express,19,0.1,3683.71,972.42
ORD-1273,2023-03-05,CUST-490,Catherine Kane,Consumer,East,Greenemouth,Office Supplies,Envelopes,Envelopes Model-26,Same Day,10,0.3,4897.71,1806.59
ORD-1274,2023-12-30,CUST-211,Vincent Mckinney,Consumer,South,Morganland,Office Supplies,Binders,Binders Model-40,Same Day,12,0.1,3686.73,973.24
ORD-1275,2022-12-27,CUST-582,James Walker,Home Office,West,Moorehaven,Office Supplies,Paper,Paper Model-44,Same Day,14,0.0,,1040.45
ORD-1276,2022-10-01,CUST-246,Larry Clark,Home Office,East,New Miguelstad,Electronics,Laptops,Laptops Model-10,Standard,10,0.1,3753.42,70.15
ORD-1277,2023-10-25,CUST-501,Robert Aguirre,Home Office,East,South Michael,Electronics,Laptops,Laptops Model-45,Standard,13,0.3,2810.74,246.47
ORD-1278,2022-09-15,CUST-540,John Wright,Corporate,South,Ericchester,Electronics,Phones,Phones Model-41,Same Day,19,0.5,1023.41,1698.35
ORD-1279,2023-04-05,CUST-195,Maria Beasley,Consumer,Central,Lake Leslie,Furniture,Shelves,Shelves Model-8,Economy,2,0.3,895.36,1270.12
ORD-1280,2022-12-05,CUST-120,Melissa Baker,Consumer,East,Port Kimberlyside,Office Supplies,Paper,Paper Model-39,Standard,20,0.2,2336.99,1856.24
ORD-1281,2022-07-08,CUST-181,James Wolfe,Corporate,Central,Jaredmouth,Office Supplies,Pens,Pens Model-35,Economy,3,0.2,2607.83,1508.39
ORD-1282,2022-08-12,CUST-343,Randy Mcclain,Home Office,North,Garciamouth,Office Supplies,Binders,Binders Model-8,Same Day,15,0.1,4752.04,1122.05
ORD-1283,2023-01-26,CUST-297,Wanda Brown,Corporate,Central,Taylorhaven,Electronics,Tablets,Tablets Model-47,Same Day,1,0.5,4580.5,1873.47
ORD-1284,2022-02-14,CUST-264,,Home Office,North,North Toddfort,Clothing,Accessories,Accessories Model-7,Express,18,0.5,1489.21,1198.51
ORD-1285,2022-04-17,CUST-549,Kathleen Patterson,Home Office,West,Port Justin,Furniture,Desks,Desks Model-42,Standard,5,0.0,1035.84,1606.12
ORD-1286,2022-09-15,CUST-216,Kyle White,Corporate,West,Port Jennifermouth,Electronics,Laptops,Laptops Model-25,Economy,13,0.3,2794.84,1022.41
ORD-1287,2023-08-23,CUST-283,Melissa Dennis,Home Office,North,South Michelle,Electronics,Phones,Phones Model-19,Same Day,20,0.0,237.13,1650.98
ORD-1288,2022-06-10,CUST-300,Michael Cruz,Home Office,East,East Kimberlyfort,Electronics,Accessories,Accessories Model-41,Express,10,0.2,,13.68
ORD-1289,2022-02-12,CUST-375,Alyssa Pena,Home Office,North,Port Heather,Furniture,Chairs,Chairs Model-20,Express,12,0.1,35.1,1072.31
ORD-1290,2022-08-15,CUST-158,Jennifer Harris,Consumer,Central,Rayville,Furniture,Tables,Tables Model-4,Economy,18,0.0,3088.26,281.31
ORD-1291,2023-01-01,CUST-151,Jennifer Frank,Corporate,Central,North Matthew,Clothing,Shoes,Shoes Model-5,Express,11,0.3,649.79,1207.59
ORD-1292,2022-11-20,CUST-260,Rebecca Ibarra,Consumer,South,Lake Jessicaview,Furniture,Shelves,Shelves Model-46,Economy,9,0.2,4793.71,87.87
ORD-1293,2023-01-03,CUST-155,Latoya Moore,Consumer,Central,Barbaraside,Clothing,Accessories,Accessories Model-6,Same Day,5,0.5,3876.09,820.03
ORD-1294,2023-06-04,CUST-396,Ryan Perez,Corporate,Central,East Jesus,Electronics,Phones,Phones Model-14,Standard,18,0.2,3161.82,1569.08
ORD-1295,2023-02-06,CUST-475,Allison Schmitt,Corporate,South,West Aaron,Furniture,Shelves,Shelves Model-30,Standard,13,0.2,1124.3,1475.93
ORD-1296,2023-04-02,CUST-389,Alejandro Dunlap,Home Office,South,West Crystalfurt,Furniture,Tables,Tables Model-48,Economy,12,0.0,804.52,1002.62
ORD-1297,2022-02-13,CUST-505,Hannah Wilkinson,Corporate,West,New Melissa,Office Supplies,Pens,Pens Model-31,Economy,2,0.0,3346.24,891.14
ORD-1298,2023-08-16,CUST-434,Amber Franklin,Corporate,East,Brentshire,Office Supplies,Binders,Binders Model-38,Standard,17,0.2,2726.31,99.85
ORD-1299,2023-05-14,CUST-103,Kelly Salazar,Home Office,South,Lake Sarahmouth,Office Supplies,Binders,Binders Model-29,Express,8,0.0,3965.36,1740.5
ORD-1300,2023-09-09,CUST-217,David Barker,Corporate,East,Jamesport,Furniture,Shelves,Shelves Model-47,Standard,16,0.3,3589.34,-27.84
ORD-1301,2022-09-07,CUST-182,Austin Pena,Consumer,Central,Port Melanie,Clothing,Shirts,Shirts Model-3,Express,2,0.1,225.29,1019.02
ORD-1302,2022-03-29,CUST-341,Gregory Larsen,Corporate,South,Hannahberg,Electronics,Tablets,Tablets Model-15,Economy,20,0.1,1090.8,1095.01
ORD-1303,2023-12-04,CUST-402,,Consumer,South,Harringtonbury,Office Supplies,Pens,Pens Model-25,Economy,5,0.0,1719.93,742.98
ORD-1304,2023-09-13,CUST-414,Samuel King,Home Office,North,Lake Kristinborough,Clothing,Pants,Pants Model-35,Standard,3,0.3,490.53,794.5
ORD-1305,2023-06-19,CUST-457,Lauren Gonzalez,Home Office,West,Jasonbury,Electronics,Accessories,Accessories Model-15,Economy,13,0.2,2109.21,1712.1
ORD-1306,2022-05-18,CUST-565,,Consumer,east,Grossview,Electronics,Accessories,Accessories Model-39,Economy,9,0.1,1280.04,1461.48
ORD-1307,2023-01-20,CUST-261,Kristopher Erickson,Corporate,East,Hillfort,Electronics,Phones,Phones Model-7,Express,14,0.5,3276.19,1281.86
ORD-1308,2023-11-28,CUST-382,Susan Bates,Home Office,West,Katherineview,Office Supplies,Binders,Binders Model-12,Same Day,18,0.5,1993.3,168.5
ORD-1309,2023-11-07,CUST-500,Roy Wilkinson,Home Office,South,West Alicia,Clothing,Pants,Pants Model-7,Express,17,0.3,604.24,228.47
ORD-1310,2023-02-03,CUST-146,Tammy Cohen,Consumer,West,Dominguezbury,Electronics,Laptops,Laptops Model-39,Economy,3,0.0,4823.21,-287.83
ORD-1311,2023-09-21,CUST-593,,Home Office,North,Christinefort,Clothing,Accessories,Accessories Model-50,Express,16,0.3,3284.31,358.88
ORD-1312,2022-02-04,CUST-457,Adam Zimmerman,Consumer,Central,Millerstad,Office Supplies,Pens,Pens Model-11,Standard,12,0.1,3921.96,874.26
ORD-1313,2022-12-28,CUST-202,Mark Martin,Home Office,North,North Danielle,Office Supplies,Envelopes,Envelopes Model-48,Standard,3,0.5,3351.61,632.54
ORD-1314,2022-10-11,CUST-332,Frank Austin,Corporate,Central,East George,Office Supplies,Binders,Binders Model-1,Same Day,6,0.3,1139.21,1915.03
ORD-1315,2023-06-10,CUST-516,Cassandra Norton,Home Office,East,Evanton,Office Supplies,Paper,Paper Model-45,Economy,13,0.5,4783.98,1715.06
ORD-1316,2023-08-24,CUST-232,Charles Jacobs,Consumer,West,Thomasland,Clothing,Accessories,Accessories Model-41,Express,8,0.2,4311.5,808.53
ORD-1317,2022-10-22,CUST-520,Frank Ramirez,Corporate,North,Kristiside,Office Supplies,Pens,Pens Model-36,Express,16,0.2,474.12,1249.51
ORD-1318,2022-07-24,CUST-235,Frances Estrada,Consumer,South,Chanshire,Furniture,Desks,Desks Model-13,Express,20,0.2,1181.96,256.73
ORD-1319,2023-07-09,CUST-290,Erin Day,Home Office,East,East Vanessa,Clothing,Shirts,Shirts Model-32,Same Day,16,0.1,4790.39,1650.42
ORD-1320,2022-02-25,CUST-581,Oscar Yates,Home Office,North,Johnburgh,Furniture,Tables,Tables Model-33,Same Day,13,0.1,2633.42,673.3
ORD-1321,2022-01-13,CUST-151,Wesley Bruce,Corporate,East,Thompsonburgh,Office Supplies,Paper,Paper Model-40,Same Day,6,0.5,3373.77,572.68
ORD-1322,2022-07-08,CUST-458,Sharon Woods,Corporate,East,North Richardhaven,Office Supplies,Binders,Binders Model-26,Same Day,15,0.1,2498.86,184.22
ORD-1323,2022-08-30,CUST-200,Jeffery Bradshaw,Consumer,South,Mcguiretown,Electronics,Tablets,Tablets Model-31,Standard,6,0.3,2781.15,1669.51
ORD-1324,2022-11-04,CUST-124,Michael Williams,Corporate,North,South Brandon,Office Supplies,Envelopes,Envelopes Model-45,Express,2,0.1,1262.36,1674.55
ORD-1325,2022-09-24,CUST-577,Robert Fisher,Corporate,East,Aprilville,Clothing,Shoes,Shoes Model-2,Economy,4,0.2,1811.2,988.81
ORD-1326,2022-12-30,CUST-496,Mitchell Rogers,Home Office,West,Devinborough,Furniture,Shelves,Shelves Model-6,Economy,20,0.2,1632.2,874.02
ORD-1327,2023-10-09,CUST-564,Jonathan Chan,Consumer,North,Lehaven,Office Supplies,Envelopes,Envelopes Model-11,Same Day,8,0.2,3065.43,630.98
ORD-1328,2023-04-01,CUST-482,Jennifer Lester,Home Office,Central,West Michael,Clothing,Shoes,Shoes Model-29,Economy,6,0.1,3907.06,1859.17
ORD-1329,2022-08-04,CUST-132,Jessica Schultz,Corporate,Central,Nguyenmouth,Office Supplies,Paper,Paper Model-4,Standard,13,0.5,842.88,-63.08
ORD-1330,2023-11-02,CUST-217,Lisa Snyder,Consumer,East,Williammouth,Furniture,Chairs,Chairs Model-29,Express,5,0.5,,596.65
ORD-1331,2023-04-24,CUST-239,Justin Campos,Home Office,West,East Joel,Office Supplies,Envelopes,Envelopes Model-9,Express,19,0.5,4875.16,943.34
ORD-1332,2022-12-22,CUST-145,Tyler Brooks,Corporate,East,East Matthew,Clothing,Shoes,Shoes Model-24,Economy,9,0.1,,222.4
ORD-1333,2022-10-21,CUST-572,Ashley Kelley,Corporate,West,Millerton,Furniture,Shelves,Shelves Model-20,Standard,14,0.2,2351.3,-280.87
ORD-1334,2023-07-29,CUST-466,Crystal Lloyd,Home Office,West,Raymondmouth,Furniture,Desks,Desks Model-25,Express,9,0.0,2191.16,274.76
ORD-1335,2023-10-27,CUST-311,Keith Allen,Consumer,North,Christopherfurt,Office Supplies,Binders,Binders Model-12,Express,10,0.0,3717.21,1560.26
ORD-1336,2022-11-25,CUST-373,Peggy Fowler,Consumer,South,Lake Brendashire,Clothing,Pants,Pants Model-7,Same Day,9,0.1,106.78,-185.85
ORD-1337,2023-05-21,CUST-502,Alexis Park,Corporate,East,Howardborough,Furniture,Chairs,Chairs Model-30,Standard,11,0.0,1093.77,666.56
ORD-1338,2023-07-11,CUST-530,Timothy Wilson,Corporate,West,Marilynchester,Clothing,Shirts,Shirts Model-1,Standard,8,0.3,2356.03,142.04
ORD-1339,2023-04-17,CUST-440,Travis Logan,Consumer,West,South Davidburgh,Electronics,Laptops,Laptops Model-25,Same Day,11,0.1,3679.26,-83.89
ORD-1340,2023-05-08,CUST-554,,Consumer,South,South Timothy,Electronics,Tablets,Tablets Model-8,Express,14,0.2,3196.21,157.06
ORD-1341,2022-01-10,CUST-453,Gregory Simpson,Corporate,Central,Jacksonfurt,Clothing,Pants,Pants Model-10,Same Day,3,0.1,4844.49,1036.48
ORD-1342,2022-12-31,CUST-505,Amanda Buchanan,Consumer,South,Wyattchester,Electronics,Phones,Phones Model-32,Express,11,0.5,3226.43,1313.05
ORD-1343,2022-01-22,CUST-168,Kimberly Jimenez,Corporate,North,North Adammouth,Clothing,Pants,Pants Model-32,Economy,18,0.2,3449.36,523.79
ORD-1344,2023-04-25,CUST-568,Stephanie Jones,Home Office,South,North Christinaton,Office Supplies,Binders,Binders Model-5,Express,15,0.2,1383.87,1612.1
ORD-1345,2022-01-20,CUST-417,Steven Sharp,Consumer,East,New Terri,Clothing,Pants,Pants Model-47,Standard,18,0.3,3102.48,537.37
ORD-1346,2022-11-27,CUST-149,Rachael Woods,Home Office,North,North Tiffanyside,Furniture,Shelves,Shelves Model-3,Express,6,0.0,2054.92,440.66
ORD-1347,2023-06-23,CUST-125,Julie Pham,Corporate,South,Reynoldsberg,Clothing,Accessories,Accessories Model-39,Standard,1,0.1,3123.61,1057.69
ORD-1348,2023-01-05,CUST-312,Stanley Watson,Corporate,North,Cartershire,Clothing,Shirts,Shirts Model-40,Same Day,17,0.0,2794.52,1857.96
ORD-1349,2022-04-14,CUST-197,David Ho,Consumer,Central,Port Rachelhaven,Furniture,Chairs,Chairs Model-43,Express,19,0.1,3628.61,922.82
ORD-1350,2023-12-21,CUST-185,John Rojas,Consumer,Central,North Janet,Office Supplies,Envelopes,Envelopes Model-26,Same Day,6,0.5,3329.56,1730.5
ORD-1351,2023-01-16,CUST-522,Katherine Lambert,Home Office,East,Lake Matthewborough,Office Supplies,Binders,Binders Model-39,Express,19,0.5,2067.59,1156.45
ORD-1352,2023-04-09,CUST-471,Daniel Bryan,Consumer,East,Maxwellberg,Office Supplies,Binders,Binders Model-39,Standard,17,0.1,2243.02,613.31
ORD-1353,2022-11-19,CUST-453,Michael Mack,Corporate,Central,Troytown,Furniture,Tables,Tables Model-33,Express,4,0.0,118.29,1590.46
ORD-1354,2022-09-20,CUST-304,Mason Wagner,Home Office,South,South Jefferyland,Furniture,Tables,Tables Model-47,Standard,11,0.3,4057.26,-88.62
ORD-1355,2022-02-08,CUST-140,Brittney Gonzalez,Consumer,East,Carrollmouth,Electronics,Tablets,Tablets Model-23,Economy,14,0.0,3656.64,1025.45
ORD-1356,2022-02-25,CUST-376,Harry Moon,Home Office,South,New Michaelview,Electronics,Accessories,Accessories Model-21,Express,5,0.0,1530.87,-205.28
ORD-1357,2023-03-19,CUST-167,Heather Rodriguez,Corporate,North,Port Jenna,Electronics,Laptops,Laptops Model-31,Standard,18,0.3,1456.02,606.94
ORD-1358,2023-05-08,CUST-433,Heather Gilmore,Home Office,South,North Curtis,Furniture,Tables,Tables Model-36,Express,8,0.0,2800.89,822.08
ORD-1359,2023-11-19,CUST-197,Jeffrey Cohen,Corporate,East,North Sarah,Electronics,Phones,Phones Model-39,Standard,10,0.1,2073.77,540.12
ORD-1360,2023-03-28,CUST-202,Kevin Jones,Home Office,East,Emilymouth,Clothing,Pants,Pants Model-10,Standard,4,0.0,233.94,1581.8
ORD-1361,2022-12-18,CUST-330,Stacy Cameron,Corporate,North,Gonzalezland,Office Supplies,Paper,Paper Model-22,Express,18,0.1,3472.04,-44.06
ORD-1362,2023-12-13,CUST-398,Linda Burton,Home Office,Central,Kristinshire,Clothing,Pants,Pants Model-3,Same Day,6,0.0,3496.79,-257.71
ORD-1363,2023-11-02,CUST-438,Michael Walker,Corporate,East,Lake Debra,Electronics,Accessories,Accessories Model-7,Standard,10,0.3,4726.43,-146.83
ORD-1364,2023-05-12,CUST-195,Sarah White,Consumer,Central,Jasontown,Electronics,Tablets,Tablets Model-30,Standard,2,0.1,4335.2,922.59
ORD-1365,2022-12-22,CUST-254,Angela Levine,Consumer,Central,Douglasview,Furniture,Chairs,Chairs Model-18,Standard,9,0.3,3424.71,517.37
ORD-1366,2022-06-05,CUST-170,Lance Olson,Consumer,West,Aarontown,Office Supplies,Pens,Pens Model-34,Express,14,0.1,1715.51,603.55
ORD-1367,2023-07-10,CUST-397,Angela Hahn,Home Office,South,South Michael,Office Supplies,Envelopes,Envelopes Model-9,Same Day,17,0.1,667.54,1200.69
ORD-1368,2022-03-11,CUST-160,Donna Cunningham,Consumer,East,North Justin,Furniture,Shelves,Shelves Model-10,Standard,11,0.3,2791.13,1881.78
ORD-1369,2022-07-12,CUST-490,Alexandra Baldwin,Home Office,Central,North Sarahhaven,Office Supplies,Pens,Pens Model-18,Express,20,0.1,,124.92
ORD-1370,2023-05-30,CUST-432,Sean Burton,Corporate,South,Justinton,Clothing,Pants,Pants Model-25,Economy,16,0.1,4232.23,778.16
ORD-1371,2023-02-27,CUST-203,Jessica Stevens,Consumer,North,South Natashabury,Electronics,Tablets,Tablets Model-12,Economy,20,0.3,1120.55,1244.08
ORD-1372,2022-02-12,CUST-468,Melissa Berg,Corporate,West,Jessicaberg,Clothing,Accessories,Accessories Model-40,Standard,17,0.0,3043.57,1595.96
ORD-1373,2022-02-10,CUST-422,Kathleen Lynn,Consumer,South,Petersonview,Furniture,Desks,Desks Model-19,Economy,13,0.2,2792.93,887.09
ORD-1374,2023-12-08,CUST-524,Whitney Wilson,Home Office,West,Wilsonshire,Office Supplies,Paper,Paper Model-6,Standard,6,0.5,2589.68,27.15
ORD-1375,2023-04-07,CUST-559,Nancy Griffin,Home Office,South,Pamelaburgh,Clothing,Shoes,Shoes Model-30,Standard,9,0.2,134.31,743.47
ORD-1376,2022-04-27,CUST-143,Ashley Beck,Home Office,West,East Edwardshire,Electronics,Phones,Phones Model-47,Express,13,0.5,3534.07,1158.37
ORD-1377,2022-05-29,CUST-314,Tanya York,Corporate,East,Amandachester,Furniture,Tables,Tables Model-47,Economy,10,0.1,902.55,1337.71
ORD-1378,2023-04-15,CUST-513,Timothy Jackson,Consumer,Central,Murphyfort,Office Supplies,Paper,Paper Model-32,Express,7,0.5,2493.16,846.88
ORD-1379,2023-07-15,CUST-519,,Consumer,North,Calderonbury,Electronics,Laptops,Laptops Model-12,Express,2,0.2,1397.78,1145.86
ORD-1380,2022-03-31,CUST-191,Margaret Wheeler,Consumer,East,East Kimberly,Office Supplies,Binders,Binders Model-40,Express,15,0.5,254.67,659.0
ORD-1381,2023-01-24,CUST-531,Catherine Harris,Home Office,North,Edwardsberg,Office Supplies,Binders,Binders Model-19,Economy,5,0.0,4103.12,1444.42
ORD-1382,2023-09-19,CUST-422,Rita Sanchez,Home Office,North,New Kimberlyport,Furniture,Tables,Tables Model-31,Same Day,14,0.5,300.34,1014.14
ORD-1383,2023-09-22,CUST-423,,Corporate,West,Richardmouth,Office Supplies,Pens,Pens Model-12,Express,10,0.1,,895.32
ORD-1384,2023-09-23,CUST-270,Lisa Jacobs,Corporate,Central,North Christopher,Electronics,Laptops,Laptops Model-41,Express,1,0.1,4994.95,652.29
ORD-1385,2022-01-07,CUST-302,Robert Adams,Home Office,Central,New Bruceside,Office Supplies,Binders,Binders Model-40,Standard,6,0.1,578.05,466.55
ORD-1386,2023-10-24,CUST-335,Connor Horton,Home Office,East,Nicolasville,Clothing,Shirts,Shirts Model-30,Economy,2,0.5,687.41,57.39
ORD-1387,2023-08-15,CUST-554,Brian King,Corporate,North,North Joshuaport,Electronics,Laptops,Laptops Model-10,Same Day,1,0.2,3430.61,1538.93
ORD-1388,2023-09-02,CUST-257,Jennifer Beck,Home Office,East,Robinsonland,Clothing,Pants,Pants Model-46,Standard,9,0.3,593.05,1499.39
ORD-1389,2023-06-22,CUST-501,Phillip Long,Consumer,South,Stewartbury,Office Supplies,Pens,Pens Model-6,Economy,17,0.0,1518.57,-41.87
ORD-1390,2023-06-21,CUST-493,Robert Robinson,Consumer,Central,Josephhaven,Office Supplies,Envelopes,Envelopes Model-44,Express,7,0.0,1558.69,452.88
ORD-1391,2022-02-15,CUST-144,,Corporate,West,North Sherri,Electronics,Tablets,Tablets Model-3,Standard,17,0.2,3438.39,1066.86
ORD-1392,2022-07-25,CUST-263,Michelle Clarke,Corporate,North,Jeffreyland,Furniture,Shelves,Shelves Model-18,Express,6,0.2,970.8,336.29
ORD-1393,2023-07-10,CUST-172,Kimberly Hernandez,Home Office,East,Phillipberg,Electronics,Laptops,Laptops Model-37,Express,6,0.0,1758.09,432.52
ORD-1394,2022-01-30,CUST-154,Jeffrey Flynn,Corporate,North,Browningville,Electronics,Laptops,Laptops Model-6,Economy,13,0.1,2358.97,1253.64
ORD-1395,2022-11-16,CUST-488,Reginald Petty,Home Office,Central,New Diana,Clothing,Shoes,Shoes Model-6,Economy,19,0.1,1668.34,155.74
ORD-1396,2022-11-14,CUST-338,Albert Wilson,Corporate,South,New Sabrina,Electronics,Accessories,Accessories Model-15,Express,20,0.2,3425.55,1333.5
ORD-1397,2023-04-10,CUST-157,Amanda Dunn,Corporate,West,Port Autumn,Office Supplies,Binders,Binders Model-30,Express,10,0.2,2442.66,-149.66
ORD-1398,2023-07-24,CUST-372,Kelly Weeks,Corporate,West,New Heatherton,Electronics,Tablets,Tablets Model-38,Economy,8,0.5,3250.76,1522.59
ORD-1399,2022-08-02,CUST-501,Jesse Wilkinson,Corporate,Central,South Audreyton,Electronics,Tablets,Tablets Model-22,Express,6,0.0,4071.44,1059.23
ORD-1400,2022-11-30,CUST-190,Kelsey Hale,Corporate,West,Danielhaven,Electronics,Accessories,Accessories Model-5,Standard,20,0.3,2779.89,1590.65
ORD-1401,2023-08-18,CUST-100,Michael Barnett,Consumer,South,West Jennifer,Furniture,Tables,Tables Model-29,Same Day,13,0.5,4517.25,1163.11
ORD-1402,2023-08-07,CUST-570,Jennifer Clark,Corporate,East,New Sherylstad,Office Supplies,Binders,Binders Model-6,Standard,20,0.5,3973.79,1262.99
ORD-1403,2022-01-01,CUST-283,April Walker,Consumer,East,Lake Matthew,Office Supplies,Paper,Paper Model-2,Express,14,0.5,3519.74,1587.73
ORD-1404,2023-07-13,CUST-171,Linda Davis,Consumer,Central,West Alexandria,Clothing,Accessories,Accessories Model-25,Same Day,14,0.1,1063.97,98.84
ORD-1405,2023-10-26,CUST-349,Johnathan Bird,Home Office,West,East Amy,Electronics,Phones,Phones Model-9,Standard,5,0.3,88.38,1359.08
ORD-1406,2023-04-11,CUST-330,,Corporate,East,Wesleyville,Clothing,Pants,Pants Model-15,Express,14,0.5,2551.98,969.72
ORD-1407,2023-07-14,CUST-119,Kimberly Martin,Home Office,West,Port Deborahville,Office Supplies,Envelopes,Envelopes Model-46,Same Day,4,0.5,2886.0,-223.04
ORD-1408,2023-06-14,CUST-145,Patricia Pope,Consumer,West,South Amanda,Office Supplies,Envelopes,Envelopes Model-41,Standard,18,0.5,400.39,1746.81
ORD-1409,2023-04-10,CUST-475,,Corporate,West,Michaelaborough,Electronics,Accessories,Accessories Model-23,Same Day,10,0.1,2568.19,779.23
ORD-1410,2023-10-07,CUST-126,Blake Stephens,Home Office,East,Jacksonchester,Office Supplies,Paper,Paper Model-48,Standard,10,0.3,2371.07,88.88
ORD-1411,2022-05-16,CUST-231,Michael Garza,Consumer,North,Lehaven,Office Supplies,Binders,Binders Model-39,Express,19,0.1,3082.83,333.0
ORD-1412,2022-07-05,CUST-275,Yvette Fowler,Consumer,South,East Benjaminhaven,Furniture,Desks,Desks Model-39,Express,16,0.3,3998.87,1682.63
ORD-1413,2023-08-15,CUST-428,Jill Reese,Corporate,North,Port Gregoryton,Furniture,Tables,Tables Model-4,Express,15,0.3,3674.46,493.67
ORD-1414,2023-12-01,CUST-174,Gabriela Porter,Home Office,West,Morenoview,Furniture,Desks,Desks Model-1,Same Day,15,0.3,3530.98,791.56
ORD-1415,2023-06-29,CUST-321,Julie Gray,Home Office,East,Frankburgh,Electronics,Phones,Phones Model-22,Same Day,9,0.0,3190.75,1899.22
ORD-1416,2023-06-17,CUST-192,Donald Murillo,Corporate,Central,Tristanbury,Furniture,Tables,Tables Model-1,Standard,3,0.0,1693.66,1287.64
ORD-1417,2022-10-18,CUST-417,Chelsea Rowe,Consumer,North,Williamsbury,Office Supplies,Pens,Pens Model-39,Express,20,0.0,1266.96,-221.7
ORD-1418,2023-11-04,CUST-511,Timothy Franco,Consumer,North,West Wesley,Furniture,Desks,Desks Model-45,Express,9,0.2,3821.65,1190.18
ORD-1419,2023-12-10,CUST-265,Colin Black,Corporate,South,Port Jessica,Office Supplies,Envelopes,Envelopes Model-50,Standard,9,0.0,4517.92,1470.73
ORD-1420,2023-03-28,CUST-202,Jose Bradley,Home Office,West,Sanchezside,Office Supplies,Pens,Pens Model-12,Economy,4,0.1,356.3,1952.67
ORD-1421,2022-09-23,CUST-392,Kristen Chase,Home Office,East,Natalieport,Electronics,Accessories,Accessories Model-50,Economy,1,0.3,525.4,-132.29
ORD-1422,2022-06-05,CUST-394,Darrell Perkins,Consumer,Central,Ramirezburgh,Clothing,Shoes,Shoes Model-46,Economy,16,0.3,3503.28,1780.62
ORD-1423,2022-01-04,CUST-499,Selena Oneill,Corporate,North,Fredborough,Electronics,Laptops,Laptops Model-37,Same Day,11,0.2,1928.28,1285.3
ORD-1424,2023-07-02,CUST-530,,Corporate,East,Griffithberg,Electronics,Tablets,Tablets Model-42,Express,6,0.5,4268.18,482.14
ORD-1425,2023-10-08,CUST-553,Brandon Wilkins,Home Office,West,North Christopher,Clothing,Shirts,Shirts Model-48,Express,5,0.0,3447.32,818.96
ORD-1426,2022-03-06,CUST-355,Sandra Berry,Home Office,West,Connorborough,Clothing,Accessories,Accessories Model-2,Standard,11,0.0,3965.77,1179.84
ORD-1427,2023-11-26,CUST-479,John Oconnell,Home Office,South,East Andrewhaven,Furniture,Desks,Desks Model-5,Standard,5,0.3,4352.3,934.09
ORD-1428,2023-12-20,CUST-423,Krystal Norton,Consumer,East,East Jennifer,Electronics,Laptops,Laptops Model-7,Economy,20,0.1,3247.44,-266.96
ORD-1429,2023-09-02,CUST-511,Cody Hood,Consumer,West,Port Nicholas,Electronics,Accessories,Accessories Model-22,Economy,11,0.0,3997.88,207.32
ORD-1430,2023-08-31,CUST-240,Angela Zhang,Consumer,West,North Heather,Furniture,Chairs,Chairs Model-11,Same Day,18,0.1,875.5,-154.59
ORD-1431,2022-06-11,CUST-103,Jennifer Olson,Consumer,South,Jamieport,Electronics,Accessories,Accessories Model-6,Same Day,14,0.3,88.0,820.03
ORD-1432,2022-09-02,CUST-119,Kelsey Wilson,Home Office,South,Bellberg,Clothing,Accessories,Accessories Model-46,Economy,20,0.0,4691.07,1104.24
ORD-1433,2022-07-16,CUST-148,Karen Sanchez,Home Office,East,Port Manuelmouth,Electronics,Laptops,Laptops Model-49,Express,15,0.1,596.36,919.46
ORD-1434,2022-06-30,CUST-127,Victoria Marshall,Home Office,East,New Rebeccamouth,Clothing,Accessories,Accessories Model-19,Express,14,0.2,807.2,1822.15
ORD-1435,2022-02-23,CUST-502,Craig Graham,Consumer,West,Port Evelyn,Electronics,Phones,Phones Model-33,Standard,3,0.1,4625.06,104.54
ORD-1436,2022-08-24,CUST-150,Jeffrey Rogers,Consumer,West,Port Nicholas,Furniture,Shelves,Shelves Model-13,Economy,8,0.0,3897.09,450.1
ORD-1437,2023-09-17,CUST-169,Steven Murray,Corporate,South,Port Robertville,Furniture,Tables,Tables Model-41,Same Day,9,0.1,2280.4,590.86
ORD-1438,2022-04-24,CUST-187,Trevor Daniel,Corporate,South,Susanland,Office Supplies,Pens,Pens Model-19,Express,20,0.1,4259.74,754.73
ORD-1439,2022-08-10,CUST-242,Michael Hamilton,Consumer,West,Port Jessicachester,Clothing,Accessories,Accessories Model-48,Express,8,0.2,2961.99,1625.07
ORD-1440,2023-03-04,CUST-340,Brian Richards,Home Office,Central,Hendersonburgh,Furniture,Chairs,Chairs Model-3,Economy,17,0.3,4901.12,-207.87
ORD-1441,2022-09-04,CUST-454,Brendan Gray,Home Office,west,Walkerburgh,Clothing,Accessories,Accessories Model-14,Express,12,0.2,424.63,1432.08
ORD-1442,2023-12-22,CUST-398,Juan Oconnor,Consumer,West,Scottburgh,Office Supplies,Pens,Pens Model-30,Express,13,0.1,2301.82,1011.88
ORD-1443,2023-01-30,CUST-116,Alexander Brown,Corporate,West,Torresstad,Electronics,Phones,Phones Model-49,Same Day,20,0.5,4468.24,465.68
ORD-1444,2023-06-12,CUST-554,,Consumer,North,Lake Stephanieland,Office Supplies,Paper,Paper Model-25,Same Day,15,0.5,4727.16,1251.7
ORD-1445,2022-05-22,CUST-158,Joe Ellis,Home Office,West,Bradleytown,Electronics,Laptops,Laptops Model-48,Express,8,0.2,4906.45,248.86
ORD-1446,2022-03-06,CUST-356,Alexis Kemp,Home Office,North,New Stacyview,Office Supplies,Paper,Paper Model-31,Same Day,15,0.5,1870.34,740.54
ORD-1447,2023-04-14,CUST-191,Crystal Yu,Corporate,North,West Caroline,Electronics,Laptops,Laptops Model-7,Express,9,0.0,445.67,598.57
ORD-1448,2023-03-03,CUST-167,Ashley Vance,Corporate,East,New Roberttown,Electronics,Tablets,Tablets Model-27,Economy,1,0.2,,945.3
ORD-1449,2023-08-16,CUST-267,Jacob Scott,Corporate,Central,Smithport,Office Supplies,Envelopes,Envelopes Model-43,Economy,15,0.2,1720.53,1185.92
ORD-1450,2023-05-11,CUST-532,Crystal Walker,Consumer,South,New Connor,Office Supplies,Pens,Pens Model-23,Same Day,15,0.1,1865.79,362.74
ORD-1451,2023-12-27,CUST-178,Tammy Cole,Consumer,South,Hannahtown,Furniture,Tables,Tables Model-8,Standard,11,0.5,3467.37,1232.62
ORD-1452,2022-12-19,CUST-599,Mary Miller,Consumer,Central,Devinshire,Electronics,Tablets,Tablets Model-20,Standard,1,0.3,748.24,731.39
ORD-1453,2022-01-05,CUST-359,Thomas Hall,Corporate,East,South Cynthiaville,Office Supplies,Pens,Pens Model-31,Same Day,19,0.1,4851.05,956.13
ORD-1454,2023-05-06,CUST-382,Brent Thomas,Consumer,East,Websterside,Office Supplies,Paper,Paper Model-2,Economy,20,0.1,4501.87,20.67
ORD-1455,2022-10-12,CUST-534,Christopher Estrada,Corporate,North,New Staceychester,Furniture,Tables,Tables Model-33,Economy,7,0.3,986.62,-107.74
ORD-1456,2022-06-01,CUST-297,Donna Horne,Corporate,North,New Breanna,Office Supplies,Envelopes,Envelopes Model-19,Same Day,12,0.2,3582.66,683.57
ORD-1457,2023-03-30,CUST-596,Danielle Evans,Corporate,West,Hernandezmouth,Clothing,Accessories,Accessories Model-9,Standard,5,0.1,1450.28,1553.05
ORD-1458,2023-08-28,CUST-309,Franklin Watts,Home Office,East,Millerton,Office Supplies,Paper,Paper Model-27,Express,18,0.3,3783.01,-96.57
ORD-1459,2022-10-24,CUST-523,Stephen Joseph,Corporate,Central,West Michael,Furniture,Desks,Desks Model-20,Economy,18,0.3,2773.8,-202.86
ORD-1460,2022-05-08,CUST-313,Sean Edwards,Consumer,West,Tinachester,Office Supplies,Envelopes,Envelopes Model-45,Express,1,0.0,3272.53,1753.18
ORD-1461,2023-08-03,CUST-451,Kevin Mosley,Corporate,North,West Carolyn,Office Supplies,Envelopes,Envelopes Model-24,Standard,9,0.1,2185.98,293.2
ORD-1462,2022-06-17,CUST-425,Stephen Morris,Corporate,North,East Whitney,Furniture,Shelves,Shelves Model-19,Same Day,17,0.0,273.91,530.68
ORD-1463,2023-07-11,CUST-532,Nicholas Woodward,Home Office,east,Jamieberg,Electronics,Laptops,Laptops Model-18,Same Day,4,0.5,1619.81,427.28
ORD-1464,2023-05-12,CUST-183,Amber Riley,Consumer,South,Murrayside,Office Supplies,Binders,Binders Model-10,Express,7,0.5,2065.85,1818.09
ORD-1465,2023-04-17,CUST-167,Michelle Smith,Consumer,West,South Catherine,Electronics,Accessories,Accessories Model-23,Same Day,12,0.1,4581.0,-31.9
ORD-1466,2023-12-28,CUST-160,Alexis Howell,Consumer,South,Foleyland,Office Supplies,Pens,Pens Model-45,Express,8,0.2,1530.37,1412.26
ORD-1467,2022-01-20,CUST-121,Morgan Hunt,Consumer,North,West Elizabeth,Electronics,Phones,Phones Model-3,Standard,16,0.0,3875.71,1441.87
ORD-1468,2022-05-07,CUST-561,Jacob Tran,Consumer,South,Harperhaven,Electronics,Phones,Phones Model-43,Same Day,1,0.0,4601.29,172.42
ORD-1469,2022-06-14,CUST-413,Kimberly Hill,Consumer,Central,Lozanomouth,Office Supplies,Binders,Binders Model-37,Standard,4,0.5,4277.14,1495.84
ORD-1470,2023-07-05,CUST-573,Kevin Shaffer,Consumer,Central,Robertborough,Office Supplies,Pens,Pens Model-46,Economy,12,0.5,31.6,1368.3
ORD-1471,2023-03-11,CUST-157,Steven Diaz,Corporate,North,West Davidmouth,Office Supplies,Envelopes,Envelopes Model-30,Standard,17,0.1,1079.23,223.37
ORD-1472,2022-12-02,CUST-333,Anthony Mills,Home Office,East,Lake Kylestad,Electronics,Phones,Phones Model-44,Economy,8,0.5,2473.63,585.0
ORD-1473,2023-11-27,CUST-445,Lisa Powell,Corporate,North,New Mary,Electronics,Accessories,Accessories Model-26,Economy,17,0.0,1843.53,-270.59
ORD-1474,2022-03-08,CUST-202,Monica Taylor,Home Office,West,East Lisa,Electronics,Laptops,Laptops Model-8,Express,14,0.3,1824.91,157.9
ORD-1475,2022-12-31,CUST-307,Stephen Nelson,Corporate,Central,Mcclureburgh,Office Supplies,Envelopes,Envelopes Model-18,Express,15,0.0,2384.37,1087.28
ORD-1476,2022-04-12,CUST-355,Brandon Miller,Home Office,North,East Martinton,Furniture,Chairs,Chairs Model-12,Economy,20,0.2,3691.61,1609.72
ORD-1477,2023-04-23,CUST-351,,Home Office,East,West Scottburgh,Electronics,Accessories,Accessories Model-35,Same Day,18,0.5,1017.64,1222.81
ORD-1478,2023-04-06,CUST-335,Katherine Murphy,Consumer,North,North Markburgh,Electronics,Accessories,Accessories Model-12,Same Day,6,0.3,1579.65,565.57
ORD-1479,2023-11-07,CUST-340,Amber Anderson,Corporate,Central,East Timothyside,Electronics,Accessories,Accessories Model-11,Standard,13,0.2,2773.38,940.6
ORD-1480,2022-11-25,CUST-165,Alex White,Corporate,East,Lake Mark,Office Supplies,Binders,Binders Model-48,Standard,11,0.3,316.51,1058.07
ORD-1481,2023-11-09,CUST-259,Jo Thomas,Home Office,North,South Brucechester,Office Supplies,Paper,Paper Model-45,Standard,10,0.0,,239.63
ORD-1482,2023-08-05,CUST-110,Travis Yang MD,Home Office,West,Aaronfort,Clothing,Accessories,Accessories Model-38,Standard,11,0.3,2578.65,668.7
ORD-1483,2023-12-09,CUST-357,Daniel Hudson,Home Office,East,Kimberlychester,Clothing,Shirts,Shirts Model-11,Same Day,12,0.3,3378.81,472.73
ORD-1484,2022-10-22,CUST-393,Andrew Grimes,Corporate,South,Brianfurt,Electronics,Laptops,Laptops Model-40,Standard,19,0.0,1333.12,383.84
ORD-1485,2022-08-03,CUST-521,Jessica Marshall,Corporate,Central,East Lindseymouth,Clothing,Accessories,Accessories Model-20,Economy,18,0.2,1743.11,-123.68
ORD-1486,2022-01-20,CUST-195,Jessica Price,Home Office,West,Port Elizabeth,Clothing,Pants,Pants Model-14,Economy,9,0.5,3142.94,887.32
ORD-1487,2023-01-09,CUST-482,Michael Ayala,Home Office,East,Cindyport,Electronics,Laptops,Laptops Model-28,Economy,11,0.0,2317.81,252.86
ORD-1488,2022-09-20,CUST-222,April Harrison DDS,Consumer,South,Port Charlesview,Office Supplies,Pens,Pens Model-13,Standard,8,0.2,3437.41,243.1
ORD-1489,2022-06-13,CUST-504,Tyler Mckee,Corporate,Central,Erictown,Electronics,Laptops,Laptops Model-12,Standard,16,0.0,1370.83,-232.97
ORD-1490,2023-02-21,CUST-553,Jessica Bradley,Consumer,West,Lake Elizabethton,Office Supplies,Paper,Paper Model-47,Express,8,0.0,4484.9,1244.85
ORD-1491,2022-04-03,CUST-513,Frank Wilson,Corporate,East,New Paul,Office Supplies,Envelopes,Envelopes Model-38,Economy,8,0.3,1198.0,-18.76
ORD-1492,2023-02-23,CUST-351,Jeffrey Taylor,Home Office,East,South Russellmouth,Office Supplies,Envelopes,Envelopes Model-45,Standard,11,0.5,1278.99,1055.81
ORD-1493,2023-05-02,CUST-110,Kyle Young,Home Office,Central,Conniestad,Furniture,Shelves,Shelves Model-3,Standard,8,0.2,3581.2,1589.14
ORD-1494,2023-07-02,CUST-298,Bryce Curtis,Consumer,West,West Dorisbury,Office Supplies,Paper,Paper Model-17,Same Day,3,0.1,4336.1,1672.59
ORD-1495,2023-10-22,CUST-543,Jordan Jones,Consumer,West,North Kristine,Clothing,Shoes,Shoes Model-31,Economy,11,0.3,2037.38,-222.07
ORD-1496,2022-12-27,CUST-380,Courtney Leonard,Home Office,East,Mccormickview,Office Supplies,Paper,Paper Model-30,Standard,2,0.1,2110.14,1377.23
ORD-1497,2023-10-06,CUST-156,Jeffrey Brown,Consumer,South,Michaelmouth,Clothing,Pants,Pants Model-34,Express,20,0.3,1534.68,1024.36
ORD-1498,2022-06-27,CUST-509,Kelli Levy,Corporate,South,Millerport,Furniture,Shelves,Shelves Model-6,Economy,12,0.1,3440.46,1601.57
ORD-1499,2022-01-24,CUST-420,,Consumer,North,West Alexandra,Furniture,Chairs,Chairs Model-30,Express,9,0.1,4616.33,1188.35
ORD-1500,2023-01-12,CUST-107,Pamela Andersen MD,Home Office,Central,Millerville,Furniture,Chairs,Chairs Model-28,Economy,16,0.0,858.91,1004.66
ORD-1501,2023-05-22,CUST-205,Donna Long,Home Office,South,East Lisaview,Office Supplies,Binders,Binders Model-19,Express,14,0.1,1916.55,692.01
ORD-1502,2023-09-25,CUST-398,Julia Petersen,Home Office,West,Lake Debraview,Office Supplies,Pens,Pens Model-6,Standard,16,0.1,2260.37,271.13
ORD-1503,2023-12-27,CUST-137,Cynthia Love,Consumer,Central,New Allen,Furniture,Desks,Desks Model-4,Standard,11,0.1,2122.22,1073.55
ORD-1504,2022-09-17,CUST-600,Chad Rivas,Corporate,East,South Deborah,Electronics,Phones,Phones Model-9,Standard,19,0.1,2527.66,576.16
ORD-1505,2022-04-02,CUST-172,Juan Wilson,Corporate,North,Christophershire,Clothing,Pants,Pants Model-21,Standard,5,0.3,1593.41,919.97
ORD-1506,2022-09-27,CUST-235,Anthony Cook,Home Office,East,Swansonport,Clothing,Shoes,Shoes Model-28,Express,11,0.3,3068.53,1451.6
ORD-1507,2022-07-13,CUST-118,Kelly Dean,Corporate,East,Reedburgh,Clothing,Shirts,Shirts Model-11,Economy,14,0.0,751.62,228.68
ORD-1508,2023-04-14,CUST-543,Kathleen Lee,Consumer,North,East Jose,Office Supplies,Envelopes,Envelopes Model-23,Standard,7,0.2,2470.01,1645.43
ORD-1509,2023-08-21,CUST-492,Joseph Cannon,Home Office,South,North Anna,Office Supplies,Pens,Pens Model-27,Standard,8,0.3,4990.04,-290.51
ORD-1510,2023-01-18,CUST-528,Christopher Mason,Corporate,South,Morrisburgh,Electronics,Accessories,Accessories Model-2,Standard,15,0.3,2955.79,1887.81
ORD-1511,2022-02-14,CUST-266,Stephen Osborn,Home Office,Central,Gordonmouth,Electronics,Tablets,Tablets Model-9,Express,2,0.2,3284.3,1887.06
ORD-1512,2023-02-13,CUST-494,Patrick Odonnell,Corporate,North,New Toniville,Clothing,Shirts,Shirts Model-2,Express,6,0.3,1283.27,252.18
ORD-1513,2022-11-02,CUST-512,Cassandra Rodriguez,Corporate,Central,North Andrewfort,Furniture,Chairs,Chairs Model-9,Same Day,4,0.2,2459.32,694.42
ORD-1514,2023-07-31,CUST-316,,Corporate,Central,Kennethchester,Clothing,Shoes,Shoes Model-12,Economy,14,0.0,3005.7,-92.49
ORD-1515,2023-05-23,CUST-142,Jeremy Turner,Corporate,West,Sarahhaven,Furniture,Tables,Tables Model-28,Standard,16,0.2,2641.12,1188.62
ORD-1516,2022-10-30,CUST-569,Dennis Peterson,Consumer,Central,Lindseyland,Furniture,Desks,Desks Model-7,Economy,14,0.0,2846.99,967.29
ORD-1517,2023-08-23,CUST-158,Stacy Rodgers,Home Office,West,Silvatown,Office Supplies,Binders,Binders Model-12,Express,13,0.0,418.03,857.92
ORD-1518,2023-10-01,CUST-570,Becky Chang,Consumer,South,East Maria,Clothing,Accessories,Accessories Model-12,Standard,20,0.2,4041.09,485.07
ORD-1519,2022-04-30,CUST-335,Joshua Dean,Home Office,West,Marieland,Electronics,Accessories,Accessories Model-43,Economy,10,0.5,76.39,1208.34
ORD-1520,2022-03-31,CUST-157,Stephen Kirby,Consumer,South,North Jorgemouth,Clothing,Shoes,Shoes Model-2,Express,16,0.1,634.2,-268.09
ORD-1521,2022-11-05,CUST-316,Amanda Krause,Consumer,North,Adamburgh,Furniture,Chairs,Chairs Model-11,Express,15,0.3,3850.91,40.78
ORD-1522,2023-08-07,CUST-270,David Fernandez,Consumer,North,New Brandishire,Furniture,Shelves,Shelves Model-41,Economy,14,0.3,4148.96,600.99
ORD-1523,2023-05-15,CUST-471,Lorraine Chase,Home Office,West,Shortmouth,Office Supplies,Paper,Paper Model-15,Standard,17,0.0,2004.41,880.72
ORD-1524,2022-04-30,CUST-277,Stephen Miller Jr.,Corporate,West,Huntertown,Clothing,Accessories,Accessories Model-2,Express,10,0.1,2479.0,1859.62
ORD-1525,2022-05-15,CUST-299,Nathaniel Guzman,Corporate,East,Allenberg,Office Supplies,Envelopes,Envelopes Model-31,Express,20,0.1,4417.04,1362.89
ORD-1526,2022-07-24,CUST-506,,Corporate,West,North Richardville,Furniture,Tables,Tables Model-20,Express,7,0.5,,832.03
ORD-1527,2022-06-28,CUST-116,Robert George,Consumer,East,North Joseph,Office Supplies,Pens,Pens Model-28,Standard,20,0.1,4141.46,1757.25
ORD-1528,2022-02-17,CUST-558,Shelly Hebert,Consumer,Central,Colemanfort,Office Supplies,Binders,Binders Model-39,Standard,2,0.3,3852.77,981.15
ORD-1529,2023-07-30,CUST-422,Monica Jones,Consumer,South,South Dylanville,Electronics,Phones,Phones Model-24,Express,10,0.3,219.43,-57.55
ORD-1530,2022-12-09,CUST-203,Amy Adams,Corporate,West,Bonnieland,Furniture,Shelves,Shelves Model-50,Standard,8,0.3,4097.61,-17.14
ORD-1531,2023-01-05,CUST-485,Curtis Malone,Home Office,West,Laurachester,Office Supplies,Envelopes,Envelopes Model-15,Express,14,0.3,3150.91,264.54
ORD-1532,2023-03-30,CUST-512,James Collins,Home Office,North,Ryanberg,Office Supplies,Paper,Paper Model-6,Same Day,11,0.3,736.47,-277.12
ORD-1533,2023-08-12,CUST-465,James Johnson,Home Office,Central,New Seanhaven,Electronics,Laptops,Laptops Model-19,Economy,13,0.5,298.47,1152.7
ORD-1534,2022-10-14,CUST-175,Laura Diaz,Home Office,West,Lake Scottberg,Office Supplies,Paper,Paper Model-29,Express,18,0.5,4502.04,1103.92
ORD-1535,2022-11-05,CUST-299,Susan Davila,Home Office,South,Port Joshua,Clothing,Pants,Pants Model-34,Same Day,7,0.0,430.56,936.1
ORD-1536,2022-01-29,CUST-232,Brian Cole,Consumer,East,North Megan,Furniture,Chairs,Chairs Model-47,Economy,17,0.0,4452.69,941.85
ORD-1537,2022-02-18,CUST-329,Michael Chase,Corporate,Central,South Joanna,Office Supplies,Paper,Paper Model-48,Standard,15,0.2,3785.23,1865.09
ORD-1538,2022-11-03,CUST-466,Charlene Sanchez,Home Office,South,West Angelaton,Furniture,Shelves,Shelves Model-46,Economy,17,0.1,1429.83,1505.02
ORD-1539,2022-04-11,CUST-310,Terri Morrison,Consumer,North,North Traviston,Office Supplies,Envelopes,Envelopes Model-4,Economy,5,0.3,741.3,679.09
ORD-1540,2022-09-28,CUST-325,Melissa Jackson,Home Office,West,South Erinton,Clothing,Accessories,Accessories Model-47,Economy,6,0.1,2925.68,1163.86
ORD-1541,2023-04-12,CUST-583,Cameron Smith,Home Office,East,Markstad,Electronics,Laptops,Laptops Model-8,Economy,4,0.0,2372.04,1416.94
ORD-1542,2022-11-09,CUST-348,Allen Mccarthy,Consumer,South,New Nathaniel,Electronics,Tablets,Tablets Model-10,Economy,2,0.2,4955.19,397.5
ORD-1543,2022-05-06,CUST-122,Kathleen West,Corporate,West,North Matthew,Clothing,Shirts,Shirts Model-37,Same Day,19,0.3,2742.21,-144.6
ORD-1544,2023-06-01,CUST-441,Heidi Allen,Corporate,South,Hernandezburgh,Furniture,Tables,Tables Model-47,Same Day,3,0.5,3185.94,1451.86
ORD-1545,2023-07-08,CUST-326,Jennifer Watts,Home Office,East,Brianside,Clothing,Shoes,Shoes Model-42,Standard,6,0.0,238.64,1242.02
ORD-1546,2022-07-17,CUST-487,Rebecca Smith,Consumer,Central,Port Amytown,Electronics,Phones,Phones Model-34,Express,16,0.5,4776.29,946.22
ORD-1547,2022-10-09,CUST-461,,Home Office,West,North Wendy,Furniture,Chairs,Chairs Model-6,Same Day,13,0.5,3935.92,264.16
ORD-1548,2023-03-01,CUST-295,David Welch,Corporate,North,South Angelabury,Clothing,Pants,Pants Model-8,Standard,18,0.1,130.04,914.17
ORD-1549,2023-02-22,CUST-592,Jeffrey Brown,Corporate,South,Rhodeshaven,Furniture,Shelves,Shelves Model-2,Standard,10,0.3,3396.26,-164.5
ORD-1550,2022-05-04,CUST-405,John Bass,Home Office,South,New Raymond,Office Supplies,Envelopes,Envelopes Model-32,Economy,4,0.2,268.87,251.13
ORD-1551,2023-02-22,CUST-109,Gary Newton,Corporate,Central,Melissaland,Clothing,Shirts,Shirts Model-38,Standard,8,0.5,3171.37,1801.59
ORD-1552,2023-10-14,CUST-172,Christopher Johnson,Corporate,Central,Webbview,Clothing,Shirts,Shirts Model-11,Express,18,0.3,2507.16,1500.63
ORD-1553,2023-10-31,CUST-577,Jimmy Cobb,Corporate,East,Brianchester,Clothing,Shoes,Shoes Model-39,Same Day,13,0.2,4860.69,-298.75
ORD-1554,2022-06-15,CUST-253,Andrew Gibson,Consumer,West,Richardmouth,Office Supplies,Paper,Paper Model-45,Standard,5,0.5,3698.52,995.09
ORD-1555,2023-10-13,CUST-331,Jared Cox,Corporate,south,Port Charlottemouth,Office Supplies,Binders,Binders Model-43,Same Day,11,0.1,1314.19,1431.2
ORD-1556,2023-09-16,CUST-444,Kenneth Conner,Consumer,West,North Lisa,Furniture,Chairs,Chairs Model-36,Economy,13,0.5,2387.88,1773.32
ORD-1557,2023-11-20,CUST-292,Thomas Gamble,Home Office,East,Racheltown,Electronics,Accessories,Accessories Model-25,Express,1,0.0,625.84,1935.69
ORD-1558,2022-10-15,CUST-198,Joyce Scott,Consumer,Central,South Jill,Furniture,Chairs,Chairs Model-41,Same Day,8,0.1,3405.97,1331.15
ORD-1559,2022-01-08,CUST-302,Angela Oliver,Consumer,East,Sawyerfurt,Clothing,Pants,Pants Model-37,Economy,6,0.5,988.47,1588.58
ORD-1560,2023-08-26,CUST-232,Christina Barnes,Home Office,South,North Kelseyland,Furniture,Chairs,Chairs Model-34,Same Day,7,0.0,649.95,-150.39
ORD-1561,2022-01-03,CUST-582,Ariana Hall,Home Office,North,Wallacefurt,Office Supplies,Envelopes,Envelopes Model-21,Economy,14,0.2,4690.07,1174.22
ORD-1562,2022-02-18,CUST-329,Andrew Clayton,Corporate,North,Howardland,Electronics,Laptops,Laptops Model-26,Express,11,0.0,1396.89,666.14
ORD-1563,2022-03-18,CUST-268,Joseph Manning,Corporate,North,Lake Evelynshire,Furniture,Desks,Desks Model-41,Standard,1,0.3,,152.82
ORD-1564,2022-09-11,CUST-274,Gary Taylor,Consumer,East,South Danielleton,Office Supplies,Binders,Binders Model-34,Express,3,0.5,548.12,248.23
ORD-1565,2022-03-04,CUST-555,Kimberly Harrison,Home Office,North,New Melanie,Electronics,Phones,Phones Model-9,Standard,15,0.0,4584.4,568.01
ORD-1566,2022-10-29,CUST-416,Hannah Kelley,Corporate,South,Lake Hannahchester,Electronics,Phones,Phones Model-39,Standard,15,0.3,4251.15,623.87
ORD-1567,2023-10-29,CUST-332,,Home Office,East,Sanfordmouth,Electronics,Tablets,Tablets Model-38,Express,4,0.0,4688.55,1500.74
ORD-1568,2023-10-15,CUST-346,Catherine Short,Home Office,Central,Howardburgh,Furniture,Tables,Tables Model-29,Express,8,0.1,2549.4,517.4
ORD-1569,2022-11-15,CUST-174,Rachel Reese,Consumer,West,South Heather,Clothing,Shoes,Shoes Model-20,Same Day,10,0.2,2922.49,944.63
ORD-1570,2022-09-01,CUST-539,Michael Williams,Consumer,West,West Michaelside,Furniture,Chairs,Chairs Model-23,Express,7,0.1,2540.47,1620.9
ORD-1571,2023-08-16,CUST-253,Heather Rose,Corporate,East,Lake Timothyburgh,Clothing,Shoes,Shoes Model-11,Standard,15,0.0,2834.82,472.02
ORD-1572,2023-10-01,CUST-493,Cynthia James,Corporate,West,Joanneville,Furniture,Desks,Desks Model-14,Economy,6,0.0,1073.56,805.72
ORD-1573,2022-10-25,CUST-567,Anne Williams,Corporate,North,Ramirezville,Electronics,Laptops,Laptops Model-2,Express,7,0.2,2207.64,1152.07
ORD-1574,2022-07-02,CUST-234,Julia Ferguson,Consumer,North,East Randy,Office Supplies,Pens,Pens Model-44,Express,13,0.0,987.98,104.98
ORD-1575,2023-11-08,CUST-509,Cody Pham,Home Office,West,South Joshuafort,Office Supplies,Binders,Binders Model-46,Standard,4,0.1,865.09,911.93
ORD-1576,2022-11-22,CUST-225,Alisha Guzman DVM,Consumer,Central,West Rebecca,Clothing,Shoes,Shoes Model-38,Express,18,0.2,3001.75,1947.06
ORD-1577,2023-06-05,CUST-207,Michael Duncan,Home Office,North,Cheryltown,Office Supplies,Pens,Pens Model-31,Standard,6,0.5,4842.24,1737.42
ORD-1578,2023-06-16,CUST-291,Lisa Johnson,Home Office,West,Harriston,Office Supplies,Envelopes,Envelopes Model-46,Economy,16,0.2,2326.69,440.19
ORD-1579,2022-08-13,CUST-220,Lindsey Ramsey,Corporate,South,Port Nicholas,Electronics,Laptops,Laptops Model-20,Economy,13,0.5,4475.47,739.78
ORD-1580,2022-03-28,CUST-217,James Johnson,Home Office,North,North Cynthiachester,Electronics,Laptops,Laptops Model-30,Same Day,14,0.3,1482.29,893.29
ORD-1581,2023-01-27,CUST-235,John Peck,Home Office,North,North Margaret,Office Supplies,Binders,Binders Model-23,Standard,10,0.5,133.34,715.88
ORD-1582,2022-05-02,CUST-202,Elizabeth Martin,Corporate,South,East Cassandra,Furniture,Chairs,Chairs Model-44,Same Day,9,0.2,366.03,-211.95
ORD-1583,2023-07-11,CUST-253,Mrs. Stephanie Wright MD,Corporate,East,North Jennifer,Furniture,Tables,Tables Model-26,Economy,19,0.0,4562.79,-280.37
ORD-1584,2022-08-22,CUST-342,Kimberly Morris,Consumer,Central,Lake Williambury,Furniture,Desks,Desks Model-38,Economy,15,0.2,1142.36,1423.02
ORD-1585,2023-03-26,CUST-291,Charles Lane,Consumer,Central,West Krystalmouth,Clothing,Pants,Pants Model-9,Same Day,1,0.3,2255.36,984.43
ORD-1586,2023-12-04,CUST-453,David Kelly,Home Office,East,Lake Adam,Clothing,Accessories,Accessories Model-21,Standard,19,0.0,3765.6,1454.54
ORD-1587,2023-01-26,CUST-373,Eric Dean,Corporate,South,West Brittany,Office Supplies,Envelopes,Envelopes Model-31,Standard,11,0.5,1028.98,598.46
ORD-1588,2023-11-23,CUST-452,Sherri Ruiz,Home Office,West,East Bailey,Furniture,Chairs,Chairs Model-2,Express,7,0.0,2769.0,-226.26
ORD-1589,2023-04-11,CUST-187,Brandon Harmon,Corporate,West,New Samantha,Office Supplies,Paper,Paper Model-26,Express,4,0.1,296.69,892.62
ORD-1590,2022-07-30,CUST-440,Melanie Acevedo,Corporate,South,New Robert,Furniture,Tables,Tables Model-39,Same Day,19,0.1,1555.69,1581.16
ORD-1591,2023-04-02,CUST-513,Jennifer Johnson,Consumer,Central,North Mallorystad,Electronics,Laptops,Laptops Model-22,Economy,15,0.3,329.21,618.24
ORD-1592,2023-12-19,CUST-300,Kenneth Church,Home Office,South,Lake Tamara,Clothing,Shoes,Shoes Model-27,Express,6,0.5,4214.77,1522.4
ORD-1593,2023-02-07,CUST-553,Stephen Ramirez,Consumer,East,Ashleyland,Furniture,Chairs,Chairs Model-41,Same Day,3,0.1,3496.24,-199.57
ORD-1594,2022-03-20,CUST-499,Shane Mcdonald,Corporate,West,East Debbiestad,Electronics,Tablets,Tablets Model-29,Express,9,0.1,3779.43,860.11
ORD-1595,2022-12-18,CUST-303,David Collins,Consumer,North,New John,Clothing,Accessories,Accessories Model-17,Standard,5,0.2,3732.33,1668.28
ORD-1596,2024-01-01,CUST-520,Victoria Melton,Corporate,South,Jonesborough,Electronics,Laptops,Laptops Model-11,Standard,20,0.0,4750.59,22.59
ORD-1597,2023-11-19,CUST-178,Jamie Rowe,Corporate,East,East Tanyabury,Furniture,Chairs,Chairs Model-12,Express,2,0.5,3820.31,1257.98
ORD-1598,2023-12-08,CUST-102,Erica Jimenez,Consumer,west,Elliottshire,Electronics,Accessories,Accessories Model-50,Express,8,0.2,1548.54,-179.44
ORD-1599,2022-12-12,CUST-132,Amy Brooks,Consumer,North,Port Allison,Electronics,Phones,Phones Model-43,Express,6,0.0,4104.43,1263.91
ORD-1600,2023-07-09,CUST-218,Linda Smith,Consumer,North,Greenebury,Furniture,Tables,Tables Model-23,Same Day,6,0.0,1981.37,684.12
ORD-1601,2022-03-09,CUST-419,Joseph Huber,Corporate,North,Bowenmouth,Clothing,Pants,Pants Model-5,Express,14,0.2,3293.23,340.45
ORD-1602,2022-04-08,CUST-456,Sherry Reyes,Corporate,South,Scottfurt,Furniture,Shelves,Shelves Model-22,Express,11,0.3,,1957.26
ORD-1603,2023-06-08,CUST-400,Stephen Green,Home Office,North,Cruztown,Clothing,Accessories,Accessories Model-15,Standard,20,0.0,3206.55,234.58
ORD-1604,2022-05-21,CUST-177,Dennis Wright,Corporate,South,East Jameschester,Electronics,Phones,Phones Model-42,Standard,8,0.5,1878.87,382.21
ORD-1605,2022-11-22,CUST-366,Jordan Baker,Corporate,East,Scottfurt,Furniture,Shelves,Shelves Model-49,Standard,8,0.2,3221.57,1449.14
ORD-1606,2023-09-15,CUST-193,Tiffany Reyes,Corporate,North,Lake Rebeccaside,Furniture,Tables,Tables Model-5,Economy,3,0.1,4364.8,899.39
ORD-1607,2022-06-27,CUST-577,Mariah Jackson,Consumer,South,Donaldview,Furniture,Chairs,Chairs Model-33,Standard,14,0.3,2967.23,1611.81
ORD-1608,2022-11-07,CUST-425,Darryl Sullivan,Consumer,East,East Nicole,Furniture,Tables,Tables Model-31,Standard,12,0.3,1433.91,731.02
ORD-1609,2023-05-09,CUST-537,David Smith,Consumer,East,South Dennis,Clothing,Pants,Pants Model-39,Express,18,0.1,108.86,577.26
ORD-1610,2022-03-15,CUST-200,Alyssa Orr,Consumer,South,South Bruce,Clothing,Accessories,Accessories Model-1,Standard,17,0.2,1672.84,1344.19
ORD-1611,2023-05-17,CUST-136,Maria Lewis,Corporate,North,Port Jacqueline,Office Supplies,Envelopes,Envelopes Model-8,Economy,19,0.1,1545.98,1971.3
ORD-1612,2023-10-13,CUST-433,,Corporate,West,Matthewview,Office Supplies,Envelopes,Envelopes Model-48,Express,8,0.3,3445.56,1301.85
ORD-1613,2022-09-25,CUST-175,Daniel Becker,Corporate,South,Jessicamouth,Electronics,Laptops,Laptops Model-39,Express,1,0.0,3031.12,1871.81
ORD-1614,2023-06-15,CUST-184,Matthew Jones,Corporate,East,New Karen,Clothing,Shirts,Shirts Model-45,Same Day,17,0.5,4550.65,1714.81
ORD-1615,2022-04-22,CUST-276,,Consumer,East,Rasmussenfurt,Clothing,Shirts,Shirts Model-48,Express,13,0.2,3184.54,1486.39
ORD-1616,2023-12-15,CUST-247,Brian Rivera,Home Office,West,North Tonybury,Electronics,Phones,Phones Model-11,Express,12,0.1,2095.02,658.74
ORD-1617,2023-08-04,CUST-130,Ashley Wallace,Home Office,South,Bryantown,Electronics,Accessories,Accessories Model-49,Express,9,0.3,4073.71,126.97
ORD-1618,2022-10-28,CUST-132,Thomas Daniel,Corporate,North,Port Erik,Furniture,Chairs,Chairs Model-38,Express,16,0.3,437.68,-13.23
ORD-1619,2022-04-10,CUST-292,Nicholas Johnson,Home Office,Central,North Madison,Electronics,Phones,Phones Model-49,Same Day,16,0.3,1063.23,1521.11
ORD-1620,2022-09-03,CUST-293,Jason Powell,Home Office,North,West Kyle,Office Supplies,Binders,Binders Model-23,Same Day,4,0.0,4705.55,1229.68
ORD-1621,2023-09-09,CUST-586,Scott Guerrero,Home Office,south,Jacksonport,Furniture,Chairs,Chairs Model-24,Economy,20,0.3,623.24,920.45
ORD-1622,2023-10-11,CUST-513,Samuel Brown,Home Office,East,New Toni,Office Supplies,Paper,Paper Model-44,Economy,8,0.5,1807.43,-194.77
ORD-1623,2023-05-03,CUST-563,Kaitlyn Rhodes,Consumer,West,Walkerfort,Office Supplies,Envelopes,Envelopes Model-19,Express,5,0.5,4934.49,1671.33
ORD-1624,2023-05-25,CUST-444,Patricia Fox,Home Office,West,Port Phyllisland,Electronics,Laptops,Laptops Model-11,Economy,4,0.3,3986.14,393.1
ORD-1625,2023-03-22,CUST-575,Theresa Carter,Corporate,West,South Jamesbury,Electronics,Phones,Phones Model-50,Same Day,8,0.2,4966.87,-232.79
ORD-1626,2022-04-03,CUST-214,Steven Atkins,Home Office,Central,Lake William,Furniture,Desks,Desks Model-5,Same Day,13,0.3,3979.75,465.44
ORD-1627,2022-08-17,CUST-157,William Harris,Consumer,East,East Dalefurt,Clothing,Pants,Pants Model-48,Express,4,0.5,1302.88,369.25
ORD-1628,2022-03-05,CUST-298,Samantha Gonzalez,Corporate,East,Port Adamtown,Electronics,Tablets,Tablets Model-50,Same Day,5,0.5,2954.4,136.67
ORD-1629,2022-11-20,CUST-528,Christopher Friedman,Consumer,West,Tammyhaven,Electronics,Accessories,Accessories Model-44,Economy,5,0.5,732.06,1868.65
ORD-1630,2022-11-13,CUST-240,Shannon Smith,Home Office,Central,Murphymouth,Electronics,Tablets,Tablets Model-31,Express,16,0.2,2516.87,1283.78
ORD-1631,2022-08-04,CUST-215,Wendy Martinez,Home Office,North,Kennethfort,Office Supplies,Pens,Pens Model-50,Express,16,0.3,4241.87,1849.2
ORD-1632,2023-07-16,CUST-342,Michelle Lutz,Corporate,West,North Joseph,Furniture,Chairs,Chairs Model-26,Standard,17,0.2,1967.51,671.61
ORD-1633,2022-05-15,CUST-543,Alex Garcia,Consumer,East,Port Rickytown,Clothing,Shirts,Shirts Model-30,Express,19,0.1,1623.86,1519.94
ORD-1634,2022-07-20,CUST-471,Christopher Daniels,Home Office,North,Stevenfort,Furniture,Tables,Tables Model-44,Express,13,0.3,3679.24,-279.0
ORD-1635,2022-07-03,CUST-363,Julia Greene,Home Office,East,Lake Harry,Office Supplies,Envelopes,Envelopes Model-38,Economy,5,0.3,4725.87,-30.1
ORD-1636,2023-10-31,CUST-507,Christopher Baker,Home Office,north,East Amytown,Office Supplies,Pens,Pens Model-50,Economy,13,0.2,3728.55,1484.45
ORD-1637,2022-05-05,CUST-360,William Good,Consumer,North,Maldonadofurt,Electronics,Phones,Phones Model-38,Economy,9,0.0,2451.2,1238.22
ORD-1638,2023-08-09,CUST-465,Ralph Beck,Home Office,South,Port Paulfort,Clothing,Shoes,Shoes Model-26,Standard,13,0.5,634.93,448.03
ORD-1639,2022-08-01,CUST-192,,Home Office,South,Reyesmouth,Electronics,Phones,Phones Model-1,Economy,11,0.0,4828.75,1764.49
ORD-1640,2022-02-05,CUST-252,Beth Lewis,Corporate,Central,East Joshua,Electronics,Tablets,Tablets Model-11,Economy,1,0.1,432.21,-13.15
ORD-1641,2022-05-24,CUST-367,Stephanie Ayala,Corporate,Central,West Josephtown,Office Supplies,Envelopes,Envelopes Model-35,Express,4,0.0,2889.59,1298.73
ORD-1642,2023-09-09,CUST-242,Dr. Jon Turner,Consumer,Central,Port Jasonfurt,Furniture,Tables,Tables Model-28,Standard,18,0.2,2764.83,1061.1
ORD-1643,2022-09-18,CUST-173,Dustin Phillips,Home Office,South,Johnsonstad,Clothing,Shirts,Shirts Model-5,Same Day,7,0.2,3385.86,1862.46
ORD-1644,2022-06-07,CUST-294,Catherine White,Consumer,Central,North Dennisberg,Furniture,Desks,Desks Model-16,Standard,9,0.0,1588.64,1511.9
ORD-1645,2023-01-07,CUST-174,Cindy Osborne,Consumer,East,Lake Ryanborough,Office Supplies,Paper,Paper Model-1,Standard,13,0.1,4547.13,1489.56
ORD-1646,2023-08-26,CUST-370,Christopher Lane,Corporate,Central,East Nathaniel,Furniture,Shelves,Shelves Model-19,Same Day,20,0.0,4108.5,826.12
ORD-1647,2022-12-20,CUST-503,Angela Ferguson,Home Office,Central,Fritzburgh,Clothing,Pants,Pants Model-39,Economy,16,0.5,,1258.97
ORD-1648,2022-05-27,CUST-127,Victoria Harvey,Home Office,East,New Patriciamouth,Furniture,Tables,Tables Model-46,Express,20,0.3,1900.22,1391.47
ORD-1649,2022-10-10,CUST-467,Jerry Haynes,Consumer,East,Garciamouth,Clothing,Shoes,Shoes Model-41,Standard,10,0.3,4763.56,897.37
ORD-1650,2022-04-06,CUST-480,Tanya Taylor,Corporate,Central,Lewisbury,Electronics,Laptops,Laptops Model-32,Standard,14,0.5,833.91,-167.95
ORD-1651,2022-01-15,CUST-481,Kimberly Herrera,Consumer,West,Lake Kylebury,Electronics,Accessories,Accessories Model-45,Same Day,8,0.5,3085.27,1795.04
ORD-1652,2022-06-29,CUST-363,Melissa Espinoza,Corporate,North,Weaverport,Furniture,Tables,Tables Model-28,Economy,13,0.1,384.86,1630.64
ORD-1653,2022-10-25,CUST-209,Shelby Hopkins,Consumer,Central,Mullenland,Furniture,Chairs,Chairs Model-26,Express,10,0.5,1502.9,375.15
ORD-1654,2022-12-31,CUST-252,Joseph Lutz,Corporate,North,Port Taramouth,Clothing,Shirts,Shirts Model-1,Same Day,6,0.3,39.4,758.81
ORD-1655,2023-02-25,CUST-179,Heather King,Home Office,East,Amberton,Electronics,Laptops,Laptops Model-15,Economy,13,0.2,627.97,821.05
ORD-1656,2023-03-26,CUST-171,Terri Griffin,Corporate,West,Lake Thomasfurt,Office Supplies,Paper,Paper Model-1,Same Day,7,0.0,3284.84,710.52
ORD-1657,2022-06-14,CUST-591,James Garcia,Home Office,East,Lake Bethany,Office Supplies,Paper,Paper Model-8,Economy,16,0.5,3334.36,1881.26
ORD-1658,2022-05-15,CUST-110,Sandra Hart,Consumer,South,Lake Lee,Clothing,Accessories,Accessories Model-23,Standard,8,0.0,557.57,-51.88
ORD-1659,2023-05-07,CUST-489,Meghan Pierce,Corporate,South,Ellenstad,Electronics,Accessories,Accessories Model-40,Express,17,0.1,1454.44,817.64
ORD-1660,2022-07-23,CUST-152,Sarah Bennett,Home Office,Central,Monicamouth,Furniture,Desks,Desks Model-40,Express,7,0.5,2374.73,1500.25
ORD-1661,2022-10-08,CUST-318,Valerie Cruz,Consumer,Central,Port Nicholas,Clothing,Shirts,Shirts Model-13,Standard,2,0.3,4952.09,1836.93
ORD-1662,2022-12-11,CUST-318,Natalie Maldonado,Home Office,North,West Kelly,Furniture,Tables,Tables Model-20,Standard,9,0.2,2136.12,-158.9
ORD-1663,2022-07-06,CUST-481,Brian Kelley,Corporate,South,Jamesborough,Office Supplies,Paper,Paper Model-19,Economy,9,0.5,214.04,-180.1
ORD-1664,2022-11-08,CUST-449,David Alvarez,Home Office,South,Matthewfort,Office Supplies,Binders,Binders Model-22,Same Day,12,0.5,566.53,1238.58
ORD-1665,2022-03-31,CUST-480,Ashley Mitchell,Home Office,North,South Darlene,Furniture,Desks,Desks Model-3,Express,7,0.3,4437.1,0.12
ORD-1666,2023-05-01,CUST-469,Jessica Clark,Consumer,North,South Cynthia,Office Supplies,Binders,Binders Model-9,Express,14,0.5,4948.33,164.6
ORD-1667,2023-04-05,CUST-323,Maureen Hudson,Consumer,West,Port Robertton,Office Supplies,Binders,Binders Model-27,Standard,6,0.5,3153.02,-29.91
ORD-1668,2023-02-12,CUST-362,Marcus Lin,Consumer,South,East James,Electronics,Laptops,Laptops Model-29,Economy,18,0.3,2480.18,924.68
ORD-1669,2023-08-30,CUST-504,Alexis Long,Home Office,West,Lake Maria,Furniture,Tables,Tables Model-33,Same Day,10,0.1,3486.64,1722.06
ORD-1670,2023-07-01,CUST-175,Samuel Ramsey,Corporate,South,Lake David,Furniture,Chairs,Chairs Model-18,Standard,8,0.1,,-210.09
ORD-1671,2022-03-27,CUST-235,Jesus Zhang,Home Office,South,Christopherborough,Office Supplies,Binders,Binders Model-27,Same Day,11,0.0,,1733.17
ORD-1672,2022-09-20,CUST-544,Elizabeth Jones,Home Office,North,Myersfurt,Office Supplies,Pens,Pens Model-47,Economy,9,0.5,4858.31,935.99
ORD-1673,2023-08-19,CUST-302,Brianna Hardin,Consumer,West,New Natalie,Office Supplies,Pens,Pens Model-15,Economy,12,0.1,3152.71,1673.91
ORD-1674,2022-07-13,CUST-192,Donna Johnson,Home Office,East,Lake Steven,Furniture,Tables,Tables Model-2,Same Day,6,0.1,2852.59,1869.72
ORD-1675,2023-03-13,CUST-596,Renee Norman,Corporate,North,Bowmanberg,Furniture,Chairs,Chairs Model-47,Express,1,0.5,1233.82,1791.0
ORD-1676,2022-05-16,CUST-173,Kaitlyn Contreras,Home Office,Central,New Ritaborough,Electronics,Phones,Phones Model-1,Standard,4,0.5,1249.23,-107.73
ORD-1677,2023-05-07,CUST-517,James Newman,Consumer,East,Melvinstad,Furniture,Tables,Tables Model-22,Economy,5,0.1,3800.76,1752.5
ORD-1678,2022-02-15,CUST-361,Jennifer Walton,Corporate,South,Wyattview,Electronics,Phones,Phones Model-1,Express,1,0.1,523.05,382.5
ORD-1679,2023-12-05,CUST-157,Eileen Smith,Corporate,South,West Brianshire,Furniture,Desks,Desks Model-8,Express,4,0.2,4422.28,1592.41
ORD-1680,2023-09-12,CUST-271,Dawn Kelley,Home Office,South,North Margaretport,Electronics,Phones,Phones Model-44,Economy,5,0.2,764.0,685.85
ORD-1681,2023-11-09,CUST-564,Michael Marks,Home Office,North,Adambury,Office Supplies,Envelopes,Envelopes Model-1,Express,5,0.2,1851.87,310.42
ORD-1682,2022-04-26,CUST-242,Michelle Davis,Consumer,North,Edwinburgh,Clothing,Shirts,Shirts Model-21,Express,6,0.3,2893.44,1907.05
ORD-1683,2022-05-22,CUST-225,Michael Ward,Corporate,West,Daltonton,Clothing,Shoes,Shoes Model-36,Economy,18,0.5,4012.68,1204.09
ORD-1684,2023-06-24,CUST-483,Peter Hatfield,Consumer,North,Bryanburgh,Electronics,Accessories,Accessories Model-16,Same Day,1,0.1,,1295.05
ORD-1685,2022-03-03,CUST-534,Laura Rodriguez,Consumer,East,Bowenhaven,Furniture,Chairs,Chairs Model-30,Express,18,0.3,4557.7,529.97
ORD-1686,2023-12-14,CUST-113,Carla Leonard,Home Office,West,Wilsonmouth,Furniture,Chairs,Chairs Model-24,Standard,4,0.5,3522.77,568.16
ORD-1687,2023-01-10,CUST-106,Tracie Smith,Home Office,West,West Valerieside,Electronics,Laptops,Laptops Model-10,Express,16,0.1,714.97,263.61
ORD-1688,2023-03-31,CUST-246,Erin Ochoa,Consumer,South,North Dustinfort,Clothing,Shoes,Shoes Model-4,Standard,20,0.1,,1299.07
ORD-1689,2023-08-09,CUST-316,Samantha Manning,Consumer,East,Allenton,Clothing,Shoes,Shoes Model-6,Economy,5,0.1,2514.34,1331.51
ORD-1690,2023-05-04,CUST-523,Timothy Buckley,Corporate,South,Jonesburgh,Electronics,Accessories,Accessories Model-4,Same Day,14,0.1,1572.82,1176.35
ORD-1691,2022-09-03,CUST-133,Miss Amy Graves,Consumer,Central,Christinaport,Office Supplies,Paper,Paper Model-1,Same Day,7,0.5,1418.21,945.61
ORD-1692,2023-08-01,CUST-124,Crystal Kemp,Corporate,North,Pamelahaven,Electronics,Phones,Phones Model-20,Standard,12,0.2,4932.6,812.76
ORD-1693,2022-05-13,CUST-308,Donald Turner,Home Office,Central,Walkerport,Clothing,Shoes,Shoes Model-7,Express,1,0.5,3516.26,-76.03
ORD-1694,2022-06-15,CUST-553,Jonathan Beltran,Home Office,North,West Stacey,Electronics,Tablets,Tablets Model-46,Express,7,0.1,766.17,765.14
ORD-1695,2022-05-15,CUST-538,Jack Mcpherson,Corporate,North,Wrightshire,Office Supplies,Envelopes,Envelopes Model-46,Economy,8,0.1,1701.71,528.73
ORD-1696,2022-01-16,CUST-380,Erica Rice,Consumer,West,North Austin,Clothing,Shirts,Shirts Model-7,Economy,11,0.1,721.69,1702.05
ORD-1697,2022-04-02,CUST-335,Heidi Kelley,Corporate,West,Lake Mark,Office Supplies,Binders,Binders Model-17,Economy,5,0.0,364.96,1334.51
ORD-1698,2023-02-23,CUST-166,Devin Adams,Corporate,East,Jamesbury,Office Supplies,Envelopes,Envelopes Model-33,Same Day,12,0.0,4286.43,1809.42
ORD-1699,2022-09-08,CUST-179,Todd Frost,Consumer,East,Stevenhaven,Electronics,Phones,Phones Model-25,Express,19,0.3,3501.73,989.84
ORD-1700,2023-04-23,CUST-518,Anthony English,Corporate,North,Cuevasfurt,Electronics,Tablets,Tablets Model-6,Express,4,0.3,2347.76,930.77
ORD-1701,2023-09-11,CUST-343,Caroline Coleman,Consumer,East,Mitchellhaven,Office Supplies,Binders,Binders Model-30,Standard,18,0.1,2436.61,1315.27
ORD-1702,2022-03-05,CUST-320,Joshua Hull,Corporate,South,New Wayne,Electronics,Accessories,Accessories Model-4,Express,1,0.3,4682.93,531.43
ORD-1703,2023-02-19,CUST-331,Kayla Santiago,Corporate,Central,East Michaelside,Electronics,Tablets,Tablets Model-14,Same Day,6,0.0,417.73,1709.68
ORD-1704,2022-07-23,CUST-343,Willie Berry,Home Office,South,Nicholeville,Office Supplies,Pens,Pens Model-45,Economy,12,0.5,,663.93
ORD-1705,2023-11-15,CUST-440,Michael Hayes,Home Office,East,Jessemouth,Furniture,Chairs,Chairs Model-1,Express,15,0.1,2896.66,32.62
ORD-1706,2023-06-18,CUST-582,Joshua Tucker,Consumer,West,New Michele,Clothing,Shoes,Shoes Model-41,Standard,2,0.1,3614.21,1972.95
ORD-1707,2022-08-10,CUST-597,Cameron Andrews,Home Office,Central,Hartberg,Furniture,Desks,Desks Model-1,Same Day,12,0.0,1746.95,1890.47
ORD-1708,2023-10-27,CUST-280,Wendy Cohen,Corporate,Central,Theodoreport,Electronics,Accessories,Accessories Model-28,Same Day,4,0.1,4995.25,652.32
ORD-1709,2023-01-26,CUST-448,Mario Stout,Corporate,East,Robertfort,Furniture,Desks,Desks Model-45,Standard,3,0.0,,1217.09
ORD-1710,2023-10-01,CUST-327,Eric Collins,Home Office,Central,Lake Raymond,Electronics,Accessories,Accessories Model-3,Same Day,14,0.1,4636.87,-70.69
ORD-1711,2022-05-08,CUST-337,Gerald Sosa,Corporate,West,South Nicholasport,Furniture,Desks,Desks Model-1,Same Day,8,0.5,1759.56,1525.63
ORD-1712,2022-01-05,CUST-107,Felicia Gutierrez,Consumer,South,Lake Justinbury,Clothing,Pants,Pants Model-24,Same Day,11,0.1,4501.93,653.48
ORD-1713,2023-09-24,CUST-510,Johnathan Buckley,Home Office,West,Ortizstad,Clothing,Pants,Pants Model-9,Economy,6,0.3,3225.73,1605.66
ORD-1714,2023-06-01,CUST-300,Larry Mccormick,Home Office,east,South Brent,Electronics,Laptops,Laptops Model-36,Express,11,0.1,,1026.95
ORD-1715,2023-09-25,CUST-140,Dale Molina,Home Office,West,Kelleyhaven,Furniture,Chairs,Chairs Model-2,Express,15,0.2,3540.8,1817.37
ORD-1716,2023-01-23,CUST-240,Daniel Villegas,Consumer,South,Lake Kellyshire,Furniture,Tables,Tables Model-41,Standard,19,0.0,3854.25,1216.29
ORD-1717,2022-09-26,CUST-353,Gwendolyn Snow,Corporate,South,Brendamouth,Furniture,Shelves,Shelves Model-26,Standard,16,0.0,4474.08,-86.61
ORD-1718,2023-01-20,CUST-330,Deborah Wilson,Consumer,South,New Janetmouth,Furniture,Desks,Desks Model-20,Standard,6,0.5,4449.67,1157.17
ORD-1719,2023-05-11,CUST-102,Michael Graham,Consumer,Central,Sherryside,Office Supplies,Binders,Binders Model-48,Same Day,4,0.1,4974.63,1079.98
ORD-1720,2023-01-09,CUST-267,Ian Todd,Consumer,South,South Justinville,Furniture,Tables,Tables Model-6,Express,9,0.2,582.79,199.0
ORD-1721,2023-05-23,CUST-572,Cassidy Padilla,Consumer,East,Tuckerfurt,Office Supplies,Envelopes,Envelopes Model-12,Express,9,0.3,2185.95,1876.6
ORD-1722,2023-05-15,CUST-405,Anna Bernard,Home Office,East,Pricetown,Furniture,Tables,Tables Model-21,Standard,20,0.3,2173.02,726.16
ORD-1723,2022-06-21,CUST-229,Caitlin Foster,Home Office,West,North Gerald,Electronics,Accessories,Accessories Model-19,Same Day,13,0.0,4448.35,1903.62
ORD-1724,2022-09-09,CUST-290,Cristina Thomas,Consumer,East,West Lindafort,Furniture,Shelves,Shelves Model-8,Standard,11,0.0,372.48,1211.0
ORD-1725,2023-07-30,CUST-208,Paul Johnson,Home Office,South,Dianeton,Office Supplies,Pens,Pens Model-7,Same Day,20,0.0,340.51,352.31
ORD-1726,2022-11-24,CUST-352,Troy Perry,Corporate,North,Maloneburgh,Clothing,Shoes,Shoes Model-18,Economy,4,0.0,998.77,-185.78
ORD-1727,2022-10-19,CUST-394,Judy Montgomery,Consumer,West,Evelyntown,Furniture,Chairs,Chairs Model-19,Express,13,0.0,99.0,1501.6
ORD-1728,2023-04-27,CUST-470,Brian Kennedy,Corporate,East,Ricardoton,Electronics,Phones,Phones Model-21,Same Day,13,0.0,484.65,1545.78
ORD-1729,2023-12-15,CUST-428,,Consumer,East,Sarahburgh,Clothing,Shoes,Shoes Model-40,Standard,1,0.1,,834.67
ORD-1730,2022-08-20,CUST-561,John Johnson,Corporate,Central,North Corey,Office Supplies,Envelopes,Envelopes Model-1,Standard,9,0.0,859.26,139.67
ORD-1731,2022-10-04,CUST-398,David Mullins,Corporate,North,West Theodoreborough,Office Supplies,Envelopes,Envelopes Model-9,Same Day,5,0.5,3496.34,1827.17
ORD-1732,2023-06-19,CUST-438,Karla Stewart,Corporate,East,Jenniferborough,Clothing,Shirts,Shirts Model-21,Economy,8,0.0,2642.67,1029.13
ORD-1733,2023-12-13,CUST-130,Jason Craig,Consumer,North,North Amyville,Furniture,Tables,Tables Model-43,Express,15,0.3,399.3,1935.06
ORD-1734,2023-12-27,CUST-358,Daniel Gutierrez,Consumer,South,Port Laura,Office Supplies,Binders,Binders Model-15,Same Day,13,0.3,2275.57,54.2
ORD-1735,2022-10-12,CUST-587,Jennifer Garza,Home Office,North,Diazstad,Furniture,Chairs,Chairs Model-10,Economy,4,0.0,2121.24,1278.41
ORD-1736,2023-11-09,CUST-160,Keith Flores,Home Office,North,Lake Jamesville,Electronics,Accessories,Accessories Model-23,Economy,7,0.1,2659.12,509.5
ORD-1737,2023-01-14,CUST-474,Garrett Curry,Corporate,South,Bennettbury,Clothing,Shoes,Shoes Model-19,Express,13,0.1,498.09,1191.83
ORD-1738,2023-11-29,CUST-156,Colleen Garcia,Consumer,North,Duranview,Clothing,Shirts,Shirts Model-4,Standard,19,0.2,258.86,272.57
ORD-1739,2023-02-07,CUST-550,Luis Smith,Home Office,East,Lisaport,Clothing,Accessories,Accessories Model-32,Express,6,0.1,515.51,1388.03
ORD-1740,2022-07-09,CUST-344,John Brown,Home Office,East,West Hollymouth,Electronics,Phones,Phones Model-45,Express,6,0.2,2521.17,1311.08
ORD-1741,2022-01-14,CUST-110,Sarah Castaneda,Consumer,east,Sherrymouth,Clothing,Pants,Pants Model-5,Express,1,0.5,3333.5,684.22
ORD-1742,2022-04-23,CUST-448,Victoria Adams,Corporate,South,Lake Robertville,Furniture,Desks,Desks Model-34,Express,5,0.0,235.43,-260.0
ORD-1743,2023-07-13,CUST-286,Chelsea Rollins,Corporate,North,East Sean,Clothing,Shoes,Shoes Model-23,Same Day,11,0.5,1294.12,818.93
ORD-1744,2022-10-04,CUST-110,,Consumer,West,East Michael,Clothing,Shirts,Shirts Model-15,Express,12,0.3,3432.06,1374.9
ORD-1745,2022-07-31,CUST-588,Anne Juarez,Corporate,North,Joseview,Clothing,Shoes,Shoes Model-18,Economy,17,0.1,3724.38,145.84
ORD-1746,2022-10-10,CUST-366,Diamond Marsh,Home Office,East,Brentfort,Clothing,Accessories,Accessories Model-40,Standard,14,0.3,1553.52,-205.47
ORD-1747,2023-05-26,CUST-448,Karen Flowers,Consumer,central,New Jeffreyburgh,Electronics,Phones,Phones Model-19,Express,10,0.3,4636.89,38.4
ORD-1748,2022-10-17,CUST-350,Monica Mason,Corporate,North,East Kelseyshire,Electronics,Laptops,Laptops Model-28,Same Day,1,0.0,4129.1,-16.1
ORD-1749,2024-01-01,CUST-200,Wanda Adams,Corporate,Central,Johnsonstad,Furniture,Chairs,Chairs Model-6,Same Day,8,0.0,1360.64,1990.6
ORD-1750,2023-02-13,CUST-233,Lisa Taylor,Corporate,Central,Rayhaven,Clothing,Accessories,Accessories Model-20,Express,19,0.3,4834.87,-74.28
ORD-1751,2022-05-19,CUST-256,Cindy Hurst,Consumer,East,Woodchester,Furniture,Shelves,Shelves Model-37,Economy,18,0.1,2087.4,158.9
ORD-1752,2023-12-12,CUST-464,Andrew Molina,Corporate,West,Port Michaelfort,Furniture,Desks,Desks Model-23,Economy,15,0.3,1573.17,1850.22
ORD-1753,2022-04-01,CUST-254,James Roy,Consumer,Central,Joshuamouth,Electronics,Accessories,Accessories Model-33,Same Day,5,0.5,3781.72,1114.98
ORD-1754,2023-02-17,CUST-490,Jo Blake,Home Office,West,Stephanieport,Clothing,Pants,Pants Model-4,Standard,2,0.2,3353.7,764.46
ORD-1755,2023-08-03,CUST-131,Michelle Ortiz,Consumer,Central,Zacharyville,Electronics,Tablets,Tablets Model-44,Standard,7,0.5,2412.52,462.01
ORD-1756,2022-11-05,CUST-579,,Consumer,West,West Amberburgh,Furniture,Tables,Tables Model-40,Express,4,0.0,3144.91,1354.03
ORD-1757,2022-07-29,CUST-358,Ann Mann,Corporate,West,South Robertstad,Electronics,Laptops,Laptops Model-4,Standard,10,0.3,527.0,-243.29
ORD-1758,2023-11-05,CUST-425,Vincent Colon,Consumer,South,North Juliechester,Office Supplies,Envelopes,Envelopes Model-10,Express,6,0.5,3089.62,694.41
ORD-1759,2023-11-15,CUST-288,Robert Rhodes,Home Office,East,New Jennifer,Office Supplies,Binders,Binders Model-26,Economy,4,0.3,509.1,1054.16
ORD-1760,2023-08-01,CUST-117,Mary Abbott,Home Office,Central,Morrisville,Clothing,Shirts,Shirts Model-29,Standard,12,0.1,1953.25,1035.24
ORD-1761,2023-05-28,CUST-278,Sara Bradley,Home Office,Central,Brooksport,Furniture,Shelves,Shelves Model-25,Standard,6,0.1,4280.64,857.37
ORD-1762,2023-11-06,CUST-569,Anthony Farmer,Home Office,West,South Jimmytown,Furniture,Shelves,Shelves Model-25,Economy,20,0.1,1521.62,606.04
ORD-1763,2023-12-16,CUST-278,Justin Zimmerman,Home Office,Central,Danielstad,Office Supplies,Pens,Pens Model-26,Standard,2,0.0,1627.14,1896.95
ORD-1764,2023-11-27,CUST-495,Tammy Porter,Home Office,South,Port Jeffchester,Electronics,Accessories,Accessories Model-7,Express,13,0.3,2387.3,1447.79
ORD-1765,2023-03-29,CUST-530,Ryan Jackson,Consumer,South,Kristinechester,Electronics,Phones,Phones Model-21,Standard,15,0.3,3819.13,1095.03
ORD-1766,2023-05-18,CUST-203,,Home Office,South,Matthewfort,Furniture,Shelves,Shelves Model-28,Express,3,0.5,2193.2,358.01
ORD-1767,2022-01-06,CUST-379,Robert Hansen,Consumer,East,Garrisonside,Electronics,Laptops,Laptops Model-12,Economy,7,0.1,1804.21,638.46
ORD-1768,2023-03-26,CUST-136,Thomas Franklin,Home Office,North,South Nancy,Furniture,Chairs,Chairs Model-9,Same Day,4,0.0,2143.28,565.07
ORD-1769,2022-10-24,CUST-460,Austin Baker,Corporate,North,New Brittany,Electronics,Laptops,Laptops Model-11,Same Day,3,0.5,4612.14,278.18
ORD-1770,2023-09-26,CUST-156,Tanya Griffin,Home Office,West,North April,Office Supplies,Envelopes,Envelopes Model-17,Standard,2,0.2,292.67,1304.29
ORD-1771,2022-07-29,CUST-573,Cheryl Baker,Home Office,North,Michellechester,Electronics,Laptops,Laptops Model-16,Economy,3,0.5,2739.97,1387.91
ORD-1772,2022-03-14,CUST-413,James Oneill,Consumer,Central,Lake Robin,Electronics,Tablets,Tablets Model-31,Express,9,0.0,4750.04,1075.74
ORD-1773,2023-05-05,CUST-597,Katie Sullivan,Consumer,North,Kyleville,Office Supplies,Envelopes,Envelopes Model-4,Standard,7,0.5,1524.06,1654.62
ORD-1774,2022-02-23,CUST-164,Heather Lee,Corporate,West,Lake Susan,Electronics,Accessories,Accessories Model-36,Express,4,0.3,1941.75,567.62
ORD-1775,2022-12-18,CUST-218,Joshua Lee,Consumer,central,North Lisa,Office Supplies,Pens,Pens Model-1,Express,14,0.5,2188.26,-166.78
ORD-1776,2022-03-20,CUST-244,Kim Cunningham,Consumer,East,South Todd,Furniture,Chairs,Chairs Model-23,Express,10,0.1,292.71,708.68
ORD-1777,2022-09-14,CUST-461,Matthew Lutz,Home Office,East,New Jessicabury,Electronics,Phones,Phones Model-15,Economy,10,0.2,4692.47,173.48
ORD-1778,2023-12-16,CUST-277,Robert Robinson,Corporate,Central,South Jasonton,Office Supplies,Binders,Binders Model-32,Same Day,3,0.1,2711.68,-59.93
ORD-1779,2022-05-06,CUST-172,,Consumer,South,South Justintown,Office Supplies,Pens,Pens Model-45,Economy,15,0.0,1868.23,1577.67
ORD-1780,2022-03-28,CUST-296,Nicole Smith,Corporate,North,Justintown,Clothing,Shoes,Shoes Model-25,Economy,15,0.0,308.0,1665.52
ORD-1781,2022-02-02,CUST-113,Peter Simmons,Home Office,East,Diazfort,Electronics,Tablets,Tablets Model-17,Express,1,0.2,2712.33,499.95
ORD-1782,2023-07-21,CUST-447,Cassidy Robbins,Corporate,Central,Josephport,Electronics,Phones,Phones Model-30,Economy,19,0.5,1946.67,1358.98
ORD-1783,2022-05-16,CUST-449,Thomas Lee,Corporate,North,Robertside,Clothing,Pants,Pants Model-16,Same Day,11,0.5,4539.49,345.61
ORD-1784,2022-05-08,CUST-528,,Corporate,South,Reginastad,Office Supplies,Paper,Paper Model-29,Economy,1,0.3,1541.41,1219.79
ORD-1785,2022-03-01,CUST-559,Brian Haney,Home Office,Central,South Amberstad,Furniture,Desks,Desks Model-21,Standard,15,0.1,2902.06,-117.04
ORD-1786,2022-08-21,CUST-416,Kelly Riley,Home Office,North,Johnnytown,Clothing,Pants,Pants Model-15,Standard,2,0.1,3155.39,37.87
ORD-1787,2022-03-04,CUST-599,Christopher Rose,Corporate,North,Kayleefort,Electronics,Laptops,Laptops Model-44,Same Day,18,0.0,4759.0,1981.53
ORD-1788,2023-06-08,CUST-392,,Corporate,West,Stephanieville,Clothing,Shirts,Shirts Model-5,Economy,10,0.1,396.48,169.3
ORD-1789,2023-04-27,CUST-115,,Consumer,East,Kelliberg,Clothing,Shoes,Shoes Model-3,Same Day,5,0.5,4712.97,376.34
ORD-1790,2023-01-23,CUST-471,Shawn Martin,Consumer,West,Gardnermouth,Office Supplies,Pens,Pens Model-49,Standard,3,0.1,4155.33,-225.02
ORD-1791,2023-06-25,CUST-437,Sarah Hernandez,Home Office,Central,New Deborahmouth,Clothing,Shirts,Shirts Model-29,Same Day,9,0.1,3993.05,1096.33
ORD-1792,2022-08-25,CUST-159,James White,Home Office,South,Lake Yvonne,Furniture,Shelves,Shelves Model-29,Economy,12,0.0,2284.55,1420.83
ORD-1793,2023-04-05,CUST-523,Jeffrey Jones,Consumer,Central,Juanview,Clothing,Pants,Pants Model-16,Economy,19,0.1,3933.66,228.46
ORD-1794,2023-02-23,CUST-394,Richard Lawson,Corporate,South,East Virginia,Electronics,Phones,Phones Model-12,Economy,1,0.1,2110.9,1961.47
ORD-1795,2022-05-10,CUST-112,Kimberly Garrett,Home Office,South,Kevinburgh,Clothing,Shirts,Shirts Model-5,Express,17,0.5,4348.6,1617.87
ORD-1796,2023-12-31,CUST-522,Brandon Mccormick,Corporate,Central,Chandlerview,Clothing,Pants,Pants Model-39,Standard,2,0.0,1474.03,474.66
ORD-1797,2023-03-23,CUST-168,Kimberly Atkinson,Home Office,South,Port Susan,Clothing,Accessories,Accessories Model-47,Standard,5,0.0,1453.56,797.34
ORD-1798,2023-03-26,CUST-243,John Page,Consumer,South,Port Zacharyfurt,Clothing,Shoes,Shoes Model-20,Economy,11,0.0,891.84,1361.83
ORD-1799,2022-11-27,CUST-588,Thomas Wright,Consumer,North,West Tonya,Clothing,Shoes,Shoes Model-48,Express,14,0.5,1926.5,1441.79
ORD-1800,2022-06-19,CUST-324,Sean Weber,Consumer,South,Guzmanmouth,Office Supplies,Binders,Binders Model-19,Same Day,20,0.0,601.57,329.85
ORD-1801,2022-01-29,CUST-556,Gary Carey,Home Office,Central,Port Robertville,Furniture,Tables,Tables Model-13,Standard,16,0.0,2995.97,-208.59
ORD-1802,2023-06-18,CUST-570,Robert Coleman,Consumer,North,North John,Clothing,Accessories,Accessories Model-29,Economy,16,0.2,639.63,743.85
ORD-1803,2022-03-22,CUST-138,Douglas Hernandez MD,Corporate,South,North Carlos,Electronics,Tablets,Tablets Model-33,Same Day,9,0.3,3723.94,211.62
ORD-1804,2023-03-20,CUST-366,Patricia Smith,Corporate,South,West Lauramouth,Office Supplies,Paper,Paper Model-36,Standard,1,0.1,511.19,1321.74
ORD-1805,2023-04-27,CUST-475,John Thompson,Corporate,east,Hicksmouth,Furniture,Shelves,Shelves Model-9,Express,3,0.5,765.65,1571.9
ORD-1806,2023-07-26,CUST-119,Tammy Russell,Corporate,East,Leachside,Electronics,Accessories,Accessories Model-40,Economy,19,0.1,3059.97,1332.98
ORD-1807,2022-08-26,CUST-350,Joseph Park,Home Office,West,South Claudiabury,Furniture,Shelves,Shelves Model-39,Same Day,18,0.3,4376.44,1236.34
ORD-1808,2023-04-03,CUST-159,Alexander Cook,Consumer,West,Phillipfurt,Office Supplies,Envelopes,Envelopes Model-21,Standard,12,0.3,1633.73,1223.56
ORD-1809,2023-12-05,CUST-359,Brooke Scott,Consumer,West,East John,Clothing,Accessories,Accessories Model-4,Same Day,9,0.2,1181.95,369.14
ORD-1810,2022-10-02,CUST-425,Jasmine Dean,Consumer,East,Port Paulland,Office Supplies,Paper,Paper Model-29,Economy,8,0.5,2432.67,203.58
ORD-1811,2022-05-13,CUST-469,Justin Maxwell,Consumer,West,Carrollhaven,Electronics,Tablets,Tablets Model-6,Same Day,12,0.5,3028.76,-254.18
ORD-1812,2023-07-03,CUST-248,Tiffany Miller,Consumer,East,Aguilartown,Furniture,Tables,Tables Model-22,Economy,7,0.5,1983.68,1350.99
ORD-1813,2023-05-29,CUST-180,Thomas Chapman,Corporate,East,Port William,Electronics,Phones,Phones Model-2,Express,8,0.0,1995.71,815.27
ORD-1814,2022-10-04,CUST-358,Robert Cooper,Home Office,West,Christopherbury,Clothing,Pants,Pants Model-2,Standard,18,0.5,4311.3,-123.99
ORD-1815,2023-09-13,CUST-317,Todd Nguyen,Home Office,North,Richardshire,Clothing,Pants,Pants Model-20,Same Day,15,0.1,4297.92,1504.98
ORD-1816,2023-03-16,CUST-387,Jeanne Holland,Corporate,West,Riosshire,Clothing,Shoes,Shoes Model-19,Express,13,0.0,474.38,1923.84
ORD-1817,2022-08-18,CUST-494,Kayla Jones,Consumer,West,Rebeccaville,Electronics,Accessories,Accessories Model-24,Economy,19,0.0,2893.62,-242.75
ORD-1818,2023-07-29,CUST-350,Daniel Johnson,Home Office,South,Port Ryanhaven,Electronics,Phones,Phones Model-6,Express,13,0.5,854.59,1689.1
ORD-1819,2023-05-21,CUST-272,Michelle Richardson,Consumer,North,South James,Furniture,Chairs,Chairs Model-21,Economy,1,0.2,1267.6,416.35
ORD-1820,2023-10-30,CUST-347,Nicholas Hill,Home Office,Central,Maryburgh,Clothing,Shoes,Shoes Model-48,Standard,4,0.3,1186.34,761.16
ORD-1821,2022-06-20,CUST-158,Tina Jackson,Consumer,West,Lake Brookeborough,Furniture,Chairs,Chairs Model-32,Express,17,0.3,994.86,1700.42
ORD-1822,2022-05-01,CUST-572,Amy Hansen,Home Office,East,West David,Electronics,Tablets,Tablets Model-34,Same Day,20,0.2,2183.04,376.71
ORD-1823,2023-06-16,CUST-207,Dr. Pamela Cook,Corporate,South,Bishopport,Furniture,Shelves,Shelves Model-11,Economy,1,0.2,3026.54,785.85
ORD-1824,2023-12-20,CUST-375,Sarah Miller,Corporate,East,Lake Mary,Electronics,Tablets,Tablets Model-7,Standard,20,0.3,946.5,1296.3
ORD-1825,2023-10-06,CUST-245,Jacob Gibbs,Corporate,Central,South Brandonton,Furniture,Shelves,Shelves Model-47,Same Day,12,0.5,80.51,143.07
ORD-1826,2023-08-30,CUST-243,Raymond Everett,Consumer,East,Longport,Furniture,Chairs,Chairs Model-37,Standard,5,0.5,770.58,1380.51
ORD-1827,2022-08-03,CUST-210,Christopher Simmons,Consumer,Central,North Herbertberg,Office Supplies,Envelopes,Envelopes Model-10,Express,6,0.3,848.82,1501.74
ORD-1828,2023-06-08,CUST-341,Allen Jackson,Corporate,East,East William,Electronics,Laptops,Laptops Model-33,Standard,8,0.5,4038.1,678.43
ORD-1829,2023-06-19,CUST-409,Elizabeth Tyler,Consumer,South,New Alan,Office Supplies,Binders,Binders Model-41,Same Day,5,0.3,1591.69,-120.14
ORD-1830,2023-10-30,CUST-287,Sarah Garcia,Corporate,East,West Jayton,Electronics,Accessories,Accessories Model-47,Economy,7,0.5,1747.42,-241.82
ORD-1831,2022-07-03,CUST-200,Tammy Mccall DDS,Corporate,East,Bernardland,Clothing,Shoes,Shoes Model-34,Express,1,0.5,4666.63,1989.51
ORD-1832,2023-09-14,CUST-428,Richard Jackson,Corporate,West,Port Jonathanview,Office Supplies,Paper,Paper Model-3,Same Day,9,0.0,1372.41,1188.6
ORD-1833,2023-05-18,CUST-431,Harold King,Home Office,North,Rogerland,Clothing,Accessories,Accessories Model-3,Same Day,1,0.5,877.12,1424.85
ORD-1834,2023-03-06,CUST-327,Melinda Collins,Home Office,North,Port Christinehaven,Furniture,Chairs,Chairs Model-21,Standard,18,0.2,4171.98,-25.32
ORD-1835,2023-11-20,CUST-463,David Garrison,Consumer,Central,Calderonstad,Electronics,Tablets,Tablets Model-47,Same Day,17,0.0,4242.67,427.9
ORD-1836,2022-07-17,CUST-473,Dr. Penny Ramirez,Corporate,North,Port Joditon,Electronics,Phones,Phones Model-12,Economy,2,0.2,4126.99,853.51
ORD-1837,2022-10-08,CUST-338,Catherine Casey,Home Office,North,North Jessicaview,Electronics,Tablets,Tablets Model-37,Economy,3,0.0,2807.19,-29.26
ORD-1838,2022-06-23,CUST-291,Donald Williams,Corporate,North,West Stevefort,Office Supplies,Paper,Paper Model-47,Express,10,0.1,3945.8,200.31
ORD-1839,2022-07-02,CUST-311,George Williamson,Consumer,South,East Carlaview,Clothing,Shoes,Shoes Model-18,Express,6,0.2,1402.03,999.59
ORD-1840,2022-12-24,CUST-524,Nicholas Ward,Home Office,South,West Tylerton,Office Supplies,Binders,Binders Model-3,Economy,5,0.5,3864.13,903.0
ORD-1841,2022-12-17,CUST-524,Patricia Taylor,Home Office,East,Port Kelseyburgh,Office Supplies,Pens,Pens Model-6,Express,9,0.1,3501.27,858.66
ORD-1842,2022-05-24,CUST-388,Matthew Juarez,Corporate,Central,Lake Robinton,Furniture,Desks,Desks Model-3,Same Day,4,0.2,,442.88
ORD-1843,2023-10-26,CUST-283,Harold Williams,Corporate,South,South Connie,Office Supplies,Binders,Binders Model-30,Express,1,0.3,4515.87,130.36
ORD-1844,2023-04-30,CUST-291,Kristy Liu,Home Office,East,Meganside,Clothing,Accessories,Accessories Model-31,Economy,10,0.0,4172.14,280.92
ORD-1845,2023-03-13,CUST-305,Adam Burnett,Home Office,North,East Scottborough,Electronics,Accessories,Accessories Model-11,Express,10,0.5,3872.62,1894.16
ORD-1846,2023-11-11,CUST-596,Teresa Brown,Consumer,East,North Hollyland,Furniture,Tables,Tables Model-50,Express,12,0.3,1672.4,1907.8
ORD-1847,2022-11-05,CUST-539,Frank Hunt,Consumer,West,Lopezmouth,Furniture,Tables,Tables Model-6,Express,5,0.5,1544.56,124.57
ORD-1848,2023-04-28,CUST-208,Jennifer Adams,Corporate,West,Port Jessicachester,Office Supplies,Paper,Paper Model-30,Express,4,0.3,2753.65,606.31
ORD-1849,2023-11-22,CUST-301,Gregory Farley,Home Office,North,Rubioside,Office Supplies,Binders,Binders Model-23,Economy,19,0.0,3654.56,676.56
ORD-1850,2022-12-15,CUST-406,Michael Baker,Corporate,North,New Kristin,Office Supplies,Binders,Binders Model-42,Express,5,0.3,2512.27,-296.34
ORD-1851,2023-11-01,CUST-259,Rachel Myers,Corporate,West,Wilkinshaven,Office Supplies,Envelopes,Envelopes Model-3,Same Day,14,0.1,907.58,46.72
ORD-1852,2022-12-21,CUST-541,Amy Young,Corporate,north,Stacyshire,Clothing,Shirts,Shirts Model-11,Same Day,5,0.5,3433.47,-66.77
ORD-1853,2022-02-25,CUST-424,Valerie Smith,Consumer,Central,Davidsonview,Clothing,Accessories,Accessories Model-29,Same Day,16,0.2,1521.74,294.89
ORD-1854,2023-06-29,CUST-140,Vanessa Ortega,Consumer,North,Gordonville,Furniture,Desks,Desks Model-22,Same Day,7,0.5,3800.46,1701.72
ORD-1855,2022-10-16,CUST-335,Deanna Watkins,Corporate,North,Morenoburgh,Electronics,Accessories,Accessories Model-39,Same Day,9,0.3,208.82,1696.16
ORD-1856,2022-10-28,CUST-266,Sergio Weiss DDS,Corporate,North,Garystad,Office Supplies,Pens,Pens Model-39,Standard,12,0.0,1790.86,-259.71
ORD-1857,2022-05-29,CUST-240,Taylor Stewart,Corporate,West,Sherryton,Electronics,Laptops,Laptops Model-45,Express,17,0.5,3168.27,691.53
ORD-1858,2023-01-27,CUST-272,Ryan Rivera,Home Office,East,West Gregory,Furniture,Chairs,Chairs Model-28,Economy,1,0.1,2568.04,1368.42
ORD-1859,2022-04-30,CUST-255,Ivan Gutierrez,Home Office,Central,Thomashaven,Electronics,Accessories,Accessories Model-35,Express,2,0.2,3970.29,1013.06
ORD-1860,2022-10-11,CUST-304,,Consumer,East,East Markberg,Office Supplies,Pens,Pens Model-18,Standard,14,0.1,2512.8,-194.79
ORD-1861,2023-09-06,CUST-149,Michael Castaneda,Consumer,South,South Holly,Office Supplies,Envelopes,Envelopes Model-2,Same Day,8,0.0,3953.39,1160.17
ORD-1862,2023-10-13,CUST-343,Stephen Wang,Home Office,North,Walterchester,Clothing,Accessories,Accessories Model-22,Same Day,11,0.2,2980.2,945.35
ORD-1863,2023-06-30,CUST-230,Ashley Harris,Corporate,North,West Nicolestad,Clothing,Pants,Pants Model-43,Standard,16,0.5,3491.65,1247.87
ORD-1864,2022-10-26,CUST-339,Samantha Russo,Consumer,South,Johnsonhaven,Office Supplies,Binders,Binders Model-40,Express,20,0.2,3756.78,738.45
ORD-1865,2022-08-29,CUST-293,Thomas Miller,Home Office,North,Rogersside,Office Supplies,Envelopes,Envelopes Model-7,Economy,7,0.1,1882.67,936.46
ORD-1866,2023-07-18,CUST-314,Matthew Rodriguez,Home Office,East,West Robertport,Furniture,Desks,Desks Model-21,Same Day,4,0.2,2048.5,1427.95
ORD-1867,2023-04-21,CUST-180,Christopher Frazier PhD,Consumer,West,Khanburgh,Clothing,Accessories,Accessories Model-19,Standard,18,0.2,1438.55,1826.47
ORD-1868,2023-08-18,CUST-310,Andrea Gilmore,Consumer,North,Port Jose,Electronics,Accessories,Accessories Model-40,Express,5,0.5,3268.99,1940.77
ORD-1869,2022-11-29,CUST-420,Kristina Harding,Corporate,North,South Aprilport,Clothing,Shirts,Shirts Model-24,Standard,20,0.3,3052.96,82.86
ORD-1870,2023-01-13,CUST-341,Travis Barrett,Home Office,South,Mauriceland,Furniture,Desks,Desks Model-21,Express,10,0.0,3618.07,250.43
ORD-1871,2022-09-05,CUST-356,Amanda Fields,Home Office,north,Williamstad,Furniture,Desks,Desks Model-39,Same Day,6,0.1,3985.8,1937.45
ORD-1872,2023-06-17,CUST-136,Robert Quinn,Corporate,East,Craigfurt,Electronics,Accessories,Accessories Model-46,Standard,20,0.5,4977.72,1682.99
ORD-1873,2023-02-12,CUST-120,Sylvia Klein,Corporate,West,Christopherstad,Electronics,Tablets,Tablets Model-46,Economy,14,0.0,4143.26,1367.85
ORD-1874,2023-01-11,CUST-567,Justin Sharp,Consumer,West,New Oliviastad,Electronics,Laptops,Laptops Model-14,Same Day,4,0.2,2070.34,481.62
ORD-1875,2022-09-24,CUST-269,Glenn Walters,Corporate,East,Port Sarah,Clothing,Pants,Pants Model-37,Same Day,20,0.0,1718.79,1285.15
ORD-1876,2023-08-01,CUST-583,Angela Melton,Home Office,South,Mccalltown,Furniture,Shelves,Shelves Model-37,Same Day,16,0.3,1819.99,369.8
ORD-1877,2023-09-15,CUST-426,,Consumer,North,Port Reginaldland,Furniture,Tables,Tables Model-14,Same Day,5,0.5,1468.74,583.72
ORD-1878,2023-09-26,CUST-429,Kyle Murray,Consumer,Central,South Amberberg,Clothing,Accessories,Accessories Model-33,Same Day,17,0.2,4501.02,1936.53
ORD-1879,2023-05-11,CUST-584,Anthony Jones,Consumer,East,Mayerville,Clothing,Pants,Pants Model-15,Same Day,7,0.1,4486.7,-267.27
ORD-1880,2023-01-01,CUST-426,Henry Lucas,Consumer,Central,New Joshua,Electronics,Laptops,Laptops Model-15,Express,12,0.0,2498.96,1009.64
ORD-1881,2023-07-21,CUST-375,Samuel Mathews,Consumer,North,South Emilyborough,Electronics,Tablets,Tablets Model-29,Express,8,0.2,4808.66,1647.19
ORD-1882,2023-12-08,CUST-411,Kirsten Webb,Corporate,Central,West Andrew,Furniture,Tables,Tables Model-18,Standard,7,0.0,3589.73,108.09
ORD-1883,2022-09-07,CUST-337,Abigail Butler,Consumer,Central,South Joseph,Furniture,Tables,Tables Model-4,Same Day,3,0.1,2932.53,1036.92
ORD-1884,2023-09-05,CUST-397,Joseph Arnold,Corporate,North,Port David,Electronics,Laptops,Laptops Model-47,Economy,7,0.5,2441.28,1009.46
ORD-1885,2023-02-21,CUST-190,Elaine Jones,Corporate,Central,South Carrieside,Electronics,Tablets,Tablets Model-31,Same Day,10,0.2,3010.76,832.99
ORD-1886,2022-04-25,CUST-349,Terry Carlson,Consumer,East,Ramseyville,Office Supplies,Envelopes,Envelopes Model-33,Economy,16,0.1,4886.37,1875.1
ORD-1887,2022-12-17,CUST-193,Edward Allen,Consumer,North,New Matthewfurt,Electronics,Accessories,Accessories Model-49,Express,7,0.2,3193.04,938.76
ORD-1888,2023-09-17,CUST-265,Felicia Martinez,Consumer,South,Christopherborough,Electronics,Tablets,Tablets Model-50,Economy,6,0.1,1059.36,1245.34
ORD-1889,2022-10-03,CUST-578,Kimberly Bell,Corporate,East,Ballardmouth,Clothing,Accessories,Accessories Model-10,Same Day,11,0.2,1151.33,304.57
ORD-1890,2022-01-06,CUST-595,,Corporate,East,Port Elizabethport,Clothing,Accessories,Accessories Model-42,Express,15,0.2,3813.49,629.39
ORD-1891,2023-01-18,CUST-295,Michael Hall,Corporate,Central,Nicholasville,Office Supplies,Binders,Binders Model-36,Express,7,0.5,128.16,683.25
ORD-1892,2022-11-30,CUST-403,Chelsea Alexander,Corporate,North,Port Stephanie,Furniture,Tables,Tables Model-50,Economy,16,0.1,3617.02,1865.44
ORD-1893,2023-10-17,CUST-324,Nicole Beck,Corporate,North,Jacobfort,Electronics,Phones,Phones Model-31,Express,3,0.2,1720.03,937.16
ORD-1894,2023-08-11,CUST-225,Nancy Bolton,Corporate,Central,Ewington,Furniture,Shelves,Shelves Model-35,Same Day,18,0.5,1007.97,-97.59
ORD-1895,2023-01-05,CUST-552,Jennifer Huffman,Consumer,South,Wilsonfurt,Electronics,Tablets,Tablets Model-21,Economy,8,0.3,4526.47,725.43
ORD-1896,2023-09-11,CUST-161,Craig Jones,Home Office,West,North Makaylashire,Office Supplies,Binders,Binders Model-28,Economy,16,0.0,3740.77,-246.78
ORD-1897,2023-08-03,CUST-358,George Francis,Corporate,Central,Port Tiffany,Office Supplies,Paper,Paper Model-32,Same Day,19,0.2,2191.66,-226.21
ORD-1898,2023-06-10,CUST-572,Nicole Huff,Corporate,Central,West Gary,Electronics,Laptops,Laptops Model-42,Express,3,0.3,4233.03,-98.22
ORD-1899,2022-03-16,CUST-332,,Home Office,west,North Wendyhaven,Furniture,Shelves,Shelves Model-2,Economy,19,0.2,916.55,1023.01
ORD-1900,2023-03-14,CUST-399,Phillip Malone,Home Office,East,New Jonathan,Furniture,Shelves,Shelves Model-35,Economy,7,0.5,760.97,1667.82
ORD-1901,2022-06-01,CUST-113,Jennifer Campbell,Home Office,Central,New Emilybury,Furniture,Tables,Tables Model-3,Express,18,0.2,1038.66,117.65
ORD-1902,2022-07-26,CUST-238,Samantha Fleming,Consumer,South,Adamshaven,Furniture,Tables,Tables Model-50,Same Day,1,0.1,1521.62,675.85
ORD-1903,2023-03-31,CUST-206,Joyce Martin,Corporate,North,Lake Amy,Clothing,Shirts,Shirts Model-29,Economy,13,0.1,4338.99,1664.63
ORD-1904,2023-06-03,CUST-162,Debra Garrett,Consumer,South,Donaldburgh,Electronics,Laptops,Laptops Model-8,Economy,20,0.2,4567.28,1366.39
ORD-1905,2023-05-05,CUST-333,Jennifer Johnson,Consumer,North,Kathleenview,Electronics,Tablets,Tablets Model-25,Economy,13,0.0,1283.87,-42.42
ORD-1906,2022-08-23,CUST-429,Amber King,Corporate,West,Andrealand,Clothing,Shoes,Shoes Model-2,Same Day,11,0.0,4998.54,-105.76
ORD-1907,2022-05-24,CUST-131,Jacob Hawkins,Home Office,South,Port Wesleyport,Furniture,Tables,Tables Model-48,Same Day,12,0.5,3478.4,1453.26
ORD-1908,2023-01-09,CUST-183,Shannon Parker,Consumer,West,West Kathleen,Furniture,Tables,Tables Model-14,Same Day,13,0.2,4396.6,-48.4
ORD-1909,2022-01-30,CUST-546,Katherine Smith,Consumer,West,Adamview,Electronics,Tablets,Tablets Model-3,Economy,20,0.5,4445.21,-221.29
ORD-1910,2023-03-06,CUST-343,Jeremiah Waters,Corporate,West,South Leslie,Furniture,Chairs,Chairs Model-35,Economy,5,0.5,,-41.46
ORD-1911,2022-11-27,CUST-414,Rachel Brown,Home Office,North,South Kristentown,Office Supplies,Pens,Pens Model-31,Economy,19,0.1,3285.31,540.84
ORD-1912,2023-11-07,CUST-306,Joan Smith,Corporate,Central,Veronicaton,Furniture,Tables,Tables Model-7,Express,8,0.2,420.12,-81.98
ORD-1913,2022-05-15,CUST-174,Daniel Brown,Home Office,North,North Andreamouth,Clothing,Shoes,Shoes Model-48,Economy,2,0.1,,561.97
ORD-1914,2023-02-11,CUST-347,Justin Goodwin,Corporate,South,New Lisa,Furniture,Tables,Tables Model-41,Economy,15,0.1,1619.44,1015.8
ORD-1915,2022-12-12,CUST-274,Jennifer Johnson,Corporate,Central,East Christopherfurt,Office Supplies,Binders,Binders Model-30,Standard,11,0.5,4983.46,128.53
ORD-1916,2022-04-07,CUST-156,Hannah Cardenas,Consumer,Central,Bowenborough,Electronics,Laptops,Laptops Model-46,Same Day,5,0.2,1143.35,752.1
ORD-1917,2023-02-12,CUST-361,Daniel Smith,Consumer,South,Contrerasstad,Electronics,Laptops,Laptops Model-44,Express,1,0.1,4101.93,1736.94
ORD-1918,2023-06-30,CUST-584,Tanya Williams,Home Office,South,Dustinport,Furniture,Chairs,Chairs Model-24,Express,4,0.1,1819.65,229.97
ORD-1919,2022-07-27,CUST-585,Theresa Jones,Corporate,East,Brandonburgh,Furniture,Desks,Desks Model-25,Economy,16,0.3,1399.32,1905.83
ORD-1920,2023-12-27,CUST-572,Rhonda Howell,Home Office,Central,Lake Colleenhaven,Electronics,Tablets,Tablets Model-39,Standard,2,0.3,2783.23,416.69
ORD-1921,2022-06-13,CUST-199,Natalie Baker,Consumer,East,East Mark,Furniture,Desks,Desks Model-5,Express,9,0.1,3233.96,599.3
ORD-1922,2023-03-31,CUST-267,Stacey Morrison,Consumer,North,Lake Thomastown,Furniture,Tables,Tables Model-34,Same Day,17,0.0,720.62,333.58
ORD-1923,2022-05-08,CUST-178,Douglas Mcclain,Consumer,East,Davidstad,Clothing,Shoes,Shoes Model-18,Standard,13,0.2,2710.88,1103.08
ORD-1924,2022-08-19,CUST-474,Matthew Smith,Home Office,Central,Masseyhaven,Clothing,Shoes,Shoes Model-24,Express,16,0.3,2618.97,-96.28
ORD-1925,2022-09-15,CUST-441,Sarah Hines,Corporate,East,New Josephburgh,Office Supplies,Binders,Binders Model-6,Standard,4,0.3,3204.92,456.31
ORD-1926,2023-12-27,CUST-389,Andrew York,Corporate,Central,New Christophermouth,Office Supplies,Paper,Paper Model-34,Economy,2,0.5,2444.43,1095.27
ORD-1927,2022-05-01,CUST-397,Mark Rodriguez,Home Office,Central,North Brandon,Electronics,Phones,Phones Model-27,Economy,2,0.2,4833.98,248.81
ORD-1928,2023-10-06,CUST-564,Darren George PhD,Consumer,South,North Frank,Electronics,Accessories,Accessories Model-37,Express,1,0.2,3724.49,693.13
ORD-1929,2023-01-03,CUST-598,William Williams,Consumer,East,East Candacefort,Clothing,Shoes,Shoes Model-29,Standard,11,0.3,4093.66,491.31
ORD-1930,2023-07-26,CUST-264,Renee Ferguson,Home Office,West,Brittanyland,Furniture,Tables,Tables Model-49,Same Day,6,0.3,3856.34,958.74
ORD-1931,2022-11-10,CUST-427,Debra Price,Corporate,East,East Robert,Furniture,Shelves,Shelves Model-40,Economy,6,0.3,515.48,1360.46
ORD-1932,2023-01-06,CUST-265,Kimberly Garner,Consumer,North,South Christopherview,Office Supplies,Envelopes,Envelopes Model-13,Same Day,17,0.5,3776.31,1906.41
ORD-1933,2022-04-06,CUST-548,David Powers,Home Office,West,Nealview,Electronics,Laptops,Laptops Model-17,Express,11,0.5,461.81,1075.33
ORD-1934,2022-11-28,CUST-120,Judy Ferguson,Consumer,Central,Melissaview,Office Supplies,Paper,Paper Model-10,Same Day,1,0.3,4997.2,717.83
ORD-1935,2023-10-26,CUST-251,John Rodriguez,Consumer,North,Carpentertown,Furniture,Desks,Desks Model-40,Economy,15,0.3,4059.51,34.37
ORD-1936,2023-10-05,CUST-298,Dalton Hill,Home Office,East,Melendezmouth,Furniture,Desks,Desks Model-46,Same Day,9,0.3,2881.53,1775.39
ORD-1937,2022-03-20,CUST-540,Richard Pitts,Home Office,South,South Angela,Office Supplies,Binders,Binders Model-35,Express,4,0.5,4790.87,9.33
ORD-1938,2023-12-20,CUST-214,Rachel Matthews,Corporate,East,Pennymouth,Furniture,Shelves,Shelves Model-37,Standard,15,0.5,3228.38,974.37
ORD-1939,2023-07-28,CUST-558,Victoria Carr,Corporate,West,Port Paigeton,Furniture,Chairs,Chairs Model-46,Express,3,0.2,2247.86,1195.64
ORD-1940,2023-03-18,CUST-302,Lisa Vargas,Consumer,West,Stevenshire,Electronics,Accessories,Accessories Model-20,Same Day,11,0.1,3524.05,1868.32
ORD-1941,2022-01-07,CUST-486,Stephen Bautista,Corporate,Central,North Charlesmouth,Furniture,Shelves,Shelves Model-8,Standard,20,0.0,4854.73,-178.17
ORD-1942,2022-07-05,CUST-473,Bruce Butler,Consumer,East,Raymondfort,Furniture,Tables,Tables Model-6,Standard,13,0.5,157.14,1836.3
ORD-1943,2022-05-22,CUST-259,Erika Smith,Corporate,South,Lake Brian,Clothing,Accessories,Accessories Model-46,Economy,9,0.3,4237.86,120.88
ORD-1944,2022-12-14,CUST-231,Sarah Joyce,Consumer,Central,Blanchardport,Office Supplies,Paper,Paper Model-4,Standard,12,0.0,2264.12,-83.74
ORD-1945,2023-01-29,CUST-390,Kenneth Lane,Home Office,East,South Bradleytown,Electronics,Tablets,Tablets Model-5,Express,7,0.5,1538.26,1540.09
ORD-1946,2023-09-07,CUST-325,Sharon Hampton,Home Office,South,Lake Michaelside,Electronics,Laptops,Laptops Model-33,Express,15,0.0,1877.1,106.94
ORD-1947,2022-10-26,CUST-402,Joseph Hurst,Home Office,South,Lynnstad,Electronics,Tablets,Tablets Model-7,Economy,7,0.5,547.8,1270.97
ORD-1948,2023-04-04,CUST-133,Nancy Welch MD,Corporate,South,South Dawnhaven,Clothing,Accessories,Accessories Model-24,Express,8,0.3,4720.62,1238.02
ORD-1949,2023-06-17,CUST-566,Sheryl Turner,Home Office,Central,North Phyllis,Clothing,Shirts,Shirts Model-37,Economy,18,0.1,463.86,1206.05
ORD-1950,2023-02-18,CUST-112,Andrea Baird,Corporate,North,Rebeccastad,Office Supplies,Envelopes,Envelopes Model-21,Economy,20,0.3,2181.34,-110.51
ORD-1951,2022-07-12,CUST-400,Richard Mcdonald,Home Office,Central,Morganberg,Electronics,Phones,Phones Model-35,Express,11,0.0,4734.43,406.38
ORD-1952,2023-07-05,CUST-547,James Stark,Corporate,Central,Hornestad,Furniture,Shelves,Shelves Model-34,Express,17,0.2,271.65,1598.41
ORD-1953,2022-08-15,CUST-204,Darius Reed,Corporate,South,Lake Monicaport,Clothing,Pants,Pants Model-37,Standard,2,0.3,3564.93,-132.18
ORD-1954,2023-11-07,CUST-190,Michele Rodgers,Corporate,South,New Jeffreyberg,Electronics,Laptops,Laptops Model-24,Economy,2,0.1,4070.05,1612.0
ORD-1955,2022-07-29,CUST-567,Caitlyn Reyes,Corporate,West,Lake Williefurt,Clothing,Shoes,Shoes Model-45,Standard,14,0.3,4701.96,1202.67
ORD-1956,2023-09-07,CUST-121,Robert Phillips,Home Office,West,East Andrewmouth,Clothing,Shoes,Shoes Model-9,Express,3,0.0,62.04,1292.8
ORD-1957,2022-06-21,CUST-448,Sandra Cain,Home Office,West,Browntown,Furniture,Shelves,Shelves Model-19,Same Day,10,0.5,4718.08,289.95
ORD-1958,2023-07-23,CUST-365,,Consumer,West,Catherineberg,Furniture,Chairs,Chairs Model-31,Standard,4,0.1,4233.81,161.81
ORD-1959,2023-03-23,CUST-173,Willie Miller,Corporate,Central,Lake Summer,Electronics,Laptops,Laptops Model-50,Standard,17,0.1,3080.45,707.65
ORD-1960,2022-12-16,CUST-189,Michael Thompson,Corporate,West,Heatherview,Electronics,Laptops,Laptops Model-13,Standard,13,0.3,4298.84,276.84
ORD-1961,2022-12-10,CUST-546,Brent Hernandez,Corporate,North,Williamsshire,Furniture,Tables,Tables Model-16,Same Day,18,0.1,3293.48,709.4
ORD-1962,2023-06-15,CUST-186,Michele French,Home Office,east,Millerchester,Electronics,Accessories,Accessories Model-24,Standard,5,0.0,,1122.75
ORD-1963,2023-08-04,CUST-421,Kristen Walker,Consumer,Central,East Jackie,Electronics,Accessories,Accessories Model-35,Standard,1,0.3,607.01,216.39
ORD-1964,2022-09-01,CUST-276,David Reyes,Home Office,West,Yorkport,Clothing,Accessories,Accessories Model-31,Express,15,0.5,3417.58,1109.0
ORD-1965,2022-09-21,CUST-110,Robert Evans,Corporate,East,Brownview,Furniture,Desks,Desks Model-10,Standard,15,0.3,4410.87,546.58
ORD-1966,2023-10-04,CUST-315,Kelly Thompson,Corporate,West,Port Stephanie,Clothing,Pants,Pants Model-47,Economy,15,0.3,1771.18,1866.33
ORD-1967,2022-09-09,CUST-199,Ricky Hall,Home Office,Central,Lake Kim,Furniture,Tables,Tables Model-24,Economy,18,0.3,1092.63,139.22
ORD-1968,2023-07-10,CUST-526,Kimberly Griffith,Home Office,West,North Amanda,Clothing,Shirts,Shirts Model-4,Express,7,0.2,3264.66,390.74
ORD-1969,2023-03-30,CUST-390,Tiffany Sellers,Home Office,South,Port Rachelborough,Clothing,Pants,Pants Model-18,Express,13,0.5,128.94,174.84
ORD-1970,2022-05-14,CUST-412,Erika Anthony,Home Office,Central,Evanchester,Clothing,Pants,Pants Model-48,Standard,4,0.0,,819.38
ORD-1971,2022-04-03,CUST-203,Xavier Harris,Home Office,South,North Tanya,Electronics,Tablets,Tablets Model-14,Same Day,3,0.2,1573.34,1774.15
ORD-1972,2022-12-13,CUST-151,Douglas Tucker,Home Office,South,Smithfurt,Clothing,Accessories,Accessories Model-10,Express,14,0.0,3520.98,366.4
ORD-1973,2023-12-08,CUST-158,Lori Carter,Home Office,South,Greenstad,Clothing,Shoes,Shoes Model-29,Standard,2,0.1,4241.49,273.6
ORD-1974,2023-03-28,CUST-557,Haley Barrett,Consumer,West,Robbinsshire,Electronics,Tablets,Tablets Model-43,Same Day,11,0.0,2928.61,118.22
ORD-1975,2022-06-03,CUST-591,Joseph Hutchinson,Home Office,South,West Kimport,Office Supplies,Envelopes,Envelopes Model-41,Same Day,10,0.0,563.75,1850.57
ORD-1976,2023-01-09,CUST-243,Sandra Whitney,Home Office,North,East Emily,Clothing,Pants,Pants Model-32,Same Day,6,0.0,4257.75,141.65
ORD-1977,2022-02-11,CUST-436,,Corporate,North,Port Alexis,Clothing,Shoes,Shoes Model-22,Standard,5,0.5,1371.45,1988.72
ORD-1978,2023-01-25,CUST-238,Andrea Smith,Home Office,West,Williamsstad,Furniture,Desks,Desks Model-22,Same Day,17,0.3,1948.1,1299.16
ORD-1979,2023-05-16,CUST-330,,Home Office,North,Port Adamfurt,Office Supplies,Pens,Pens Model-43,Same Day,17,0.0,1415.39,-108.4
ORD-1980,2022-07-01,CUST-510,Meghan Kelly MD,Consumer,North,East Annafurt,Furniture,Chairs,Chairs Model-5,Standard,1,0.2,1873.21,54.21
ORD-1981,2023-11-12,CUST-460,Karen Gray,Consumer,South,Seanstad,Clothing,Shoes,Shoes Model-48,Standard,6,0.0,538.11,-19.45
ORD-1982,2022-02-21,CUST-420,Jamie Gibson,Home Office,South,North Justinfort,Furniture,Tables,Tables Model-31,Express,16,0.5,3587.73,589.87
ORD-1983,2022-07-09,CUST-598,Heather Allen,Consumer,East,Grahamhaven,Electronics,Accessories,Accessories Model-10,Express,4,0.0,2542.85,-117.02
ORD-1984,2023-02-09,CUST-407,Daniel Baxter,Corporate,Central,East Scottchester,Furniture,Tables,Tables Model-41,Same Day,7,0.3,3180.13,1062.31
ORD-1985,2022-10-16,CUST-132,Adrian English,Corporate,East,Port Christy,Electronics,Tablets,Tablets Model-47,Standard,20,0.3,3773.94,-151.3
ORD-1986,2022-11-23,CUST-285,Katie Durham,Home Office,Central,Port Raymouth,Electronics,Phones,Phones Model-44,Standard,19,0.2,2944.81,1807.57
ORD-1987,2023-05-27,CUST-379,Samantha Dorsey,Home Office,South,South Gary,Clothing,Shoes,Shoes Model-15,Express,2,0.2,1508.23,824.9
ORD-1988,2023-04-21,CUST-484,Oscar Cole,Corporate,West,Keithview,Clothing,Accessories,Accessories Model-2,Express,11,0.3,2266.36,26.79
ORD-1989,2023-11-09,CUST-584,Zachary Levy,Consumer,South,North Phylliston,Electronics,Accessories,Accessories Model-7,Standard,13,0.3,4527.76,47.39
ORD-1990,2022-11-07,CUST-242,Sergio Johnson,Consumer,South,South Reneefort,Clothing,Pants,Pants Model-32,Economy,14,0.3,4150.59,1663.77
ORD-1991,2022-04-19,CUST-344,Joshua Peck,Home Office,east,Johnsonland,Electronics,Tablets,Tablets Model-10,Express,17,0.3,343.86,443.55
ORD-1992,2022-12-13,CUST-319,David Reeves,Home Office,North,Heatherburgh,Office Supplies,Pens,Pens Model-39,Express,17,0.2,3155.99,1273.33
ORD-1993,2023-08-02,CUST-328,Richard Sloan,Corporate,West,North Melissa,Furniture,Shelves,Shelves Model-16,Express,11,0.1,4852.45,-154.81
ORD-1994,2023-07-23,CUST-457,Edward Thomas,Consumer,South,New Davidport,Clothing,Shoes,Shoes Model-21,Express,19,0.5,1710.38,1525.78
ORD-1995,2022-11-17,CUST-484,Patricia Fields,Consumer,Central,Lake Jeremy,Clothing,Shirts,Shirts Model-21,Standard,17,0.3,2559.69,-80.16
ORD-1996,2023-04-06,CUST-494,Pamela Alexander,Corporate,South,Kevinport,Office Supplies,Paper,Paper Model-24,Standard,16,0.1,,144.32
ORD-1997,2022-10-07,CUST-260,Alejandro Lawson,Home Office,Central,Halestad,Clothing,Pants,Pants Model-13,Express,20,0.5,4783.77,814.8
ORD-1998,2022-09-12,CUST-519,,Consumer,East,Stephensmouth,Furniture,Shelves,Shelves Model-17,Express,5,0.2,3955.64,672.88
ORD-1999,2023-04-22,CUST-328,Jonathan Hall,Home Office,West,New Brendastad,Electronics,Tablets,Tablets Model-36,Express,20,0.3,3881.23,1983.85
ORD-2000,2023-12-25,CUST-400,Christina Sanchez,Consumer,East,West Troyshire,Office Supplies,Pens,Pens Model-2,Standard,2,0.2,3036.65,354.95
ORD-2001,2023-10-06,CUST-191,Dana Taylor,Corporate,Central,Kaylaport,Clothing,Shirts,Shirts Model-49,Standard,10,0.2,2176.96,444.93
ORD-2002,2023-05-24,CUST-177,Steven Gordon,Consumer,Central,Port Angelaview,Electronics,Laptops,Laptops Model-11,Express,3,0.2,328.75,-143.84
ORD-2003,2023-02-15,CUST-428,Dustin Wilson,Corporate,South,Davidfort,Electronics,Accessories,Accessories Model-36,Standard,7,0.3,2730.11,906.76
ORD-2004,2022-02-27,CUST-126,Wanda Miller,Home Office,South,West Henry,Furniture,Tables,Tables Model-31,Standard,2,0.1,3227.35,982.67
ORD-2005,2022-11-27,CUST-302,Larry Andrews,Consumer,Central,Patelchester,Furniture,Shelves,Shelves Model-49,Same Day,16,0.0,1943.75,1158.96
ORD-2006,2023-08-27,CUST-351,Samuel Gutierrez,Consumer,East,Briannastad,Electronics,Laptops,Laptops Model-45,Standard,19,0.2,189.67,227.86
ORD-2007,2023-10-05,CUST-384,Joshua Howell,Corporate,Central,New Dawn,Furniture,Chairs,Chairs Model-25,Express,7,0.5,3723.83,347.26
ORD-2008,2023-10-29,CUST-408,Christopher Rogers,Home Office,Central,Thomasview,Clothing,Shirts,Shirts Model-50,Economy,7,0.1,1434.05,-233.72
ORD-2009,2023-08-07,CUST-453,Dr. Virginia Mckee,Home Office,South,Port Laurastad,Furniture,Tables,Tables Model-38,Same Day,12,0.3,3681.16,386.8
ORD-2010,2023-06-08,CUST-524,Jacqueline Greene,Consumer,East,Lake Jeremy,Office Supplies,Pens,Pens Model-14,Economy,13,0.2,128.82,-271.57
ORD-2011,2023-07-29,CUST-441,Megan Richardson,Consumer,North,South Holly,Clothing,Accessories,Accessories Model-40,Standard,1,0.0,2987.73,1528.51
ORD-2012,2023-04-01,CUST-181,Chris Ward,Consumer,North,East Stevenfort,Electronics,Tablets,Tablets Model-24,Express,7,0.3,1913.29,1006.66
ORD-2013,2022-02-05,CUST-234,,Corporate,South,Gibsonside,Electronics,Tablets,Tablets Model-8,Standard,16,0.1,4493.62,394.72
ORD-2014,2022-01-24,CUST-474,,Home Office,South,Elizabethborough,Office Supplies,Binders,Binders Model-14,Standard,13,0.3,3517.35,803.37
ORD-2015,2022-01-14,CUST-132,,Corporate,East,Hillstad,Clothing,Pants,Pants Model-47,Economy,7,0.2,2888.04,-198.72
ORD-2016,2022-01-02,CUST-388,Kathy Ward,Corporate,Central,East James,Furniture,Desks,Desks Model-45,Economy,8,0.0,4979.23,-198.52
ORD-2017,2023-01-18,CUST-382,Angela Winters,Home Office,South,Bellhaven,Clothing,Pants,Pants Model-21,Same Day,14,0.1,3296.42,553.93
ORD-2018,2023-11-20,CUST-377,James Melton,Corporate,East,Port Mitchell,Office Supplies,Pens,Pens Model-28,Standard,20,0.2,3760.78,837.37
ORD-2019,2023-07-07,CUST-121,Todd Burns Jr.,Corporate,Central,Fredtown,Clothing,Accessories,Accessories Model-41,Express,20,0.2,4310.38,77.84
ORD-2020,2023-12-11,CUST-550,Barbara Holden,Consumer,Central,Port Justinville,Furniture,Tables,Tables Model-35,Standard,17,0.0,1987.79,1593.92
ORD-2021,2023-12-02,CUST-159,Jordan Howard,Corporate,East,Mcdanielhaven,Furniture,Tables,Tables Model-36,Economy,17,0.3,3551.67,470.27
ORD-2022,2023-10-18,CUST-455,Dennis Walker,Consumer,North,Alyssafurt,Electronics,Laptops,Laptops Model-33,Standard,16,0.1,3223.07,58.11
ORD-2023,2022-08-03,CUST-517,Jessica Morales,Consumer,North,Lake Rachelhaven,Clothing,Shoes,Shoes Model-2,Standard,10,0.0,2714.41,-77.85
ORD-2024,2023-04-09,CUST-283,Thomas Sullivan,Home Office,West,Alvarezfort,Electronics,Tablets,Tablets Model-1,Same Day,11,0.3,4755.55,670.41
ORD-2025,2023-11-27,CUST-263,Kevin Strickland,Corporate,North,Taylorfort,Clothing,Shirts,Shirts Model-17,Economy,13,0.5,2461.75,-227.51
ORD-2026,2022-01-28,CUST-488,Nancy Lee,Consumer,West,East Nicholefurt,Office Supplies,Envelopes,Envelopes Model-17,Standard,3,0.1,1906.04,1914.37
ORD-2027,2022-12-12,CUST-117,Micheal Hernandez,Corporate,East,North Jenniferview,Clothing,Accessories,Accessories Model-36,Economy,7,0.5,,1963.2
ORD-2028,2022-03-12,CUST-456,Jennifer Thomas,Home Office,West,West Michelleport,Electronics,Accessories,Accessories Model-35,Standard,9,0.5,2515.34,765.31
ORD-2029,2022-06-16,CUST-318,James Mayo,Consumer,South,Toddmouth,Clothing,Shoes,Shoes Model-5,Express,16,0.3,208.68,1082.58
ORD-2030,2022-02-14,CUST-543,Tammy Davidson,Home Office,Central,Mauriceville,Furniture,Desks,Desks Model-32,Express,15,0.0,1518.36,213.87
ORD-2031,2023-05-24,CUST-110,Megan Rodriguez,Home Office,Central,Cherylfurt,Electronics,Accessories,Accessories Model-45,Same Day,18,0.0,1839.71,1307.52
ORD-2032,2022-03-08,CUST-440,,Corporate,West,Alexanderbury,Clothing,Shirts,Shirts Model-26,Express,5,0.0,445.34,1718.9
ORD-2033,2023-11-07,CUST-234,Paul Owens,Corporate,North,East Stephanieshire,Furniture,Desks,Desks Model-43,Express,19,0.3,4982.64,558.63
ORD-2034,2023-12-20,CUST-361,,Consumer,North,Dennishaven,Office Supplies,Pens,Pens Model-34,Same Day,19,0.5,1959.64,555.27
ORD-2035,2022-08-07,CUST-345,Kelsey Serrano,Consumer,North,New Colton,Furniture,Desks,Desks Model-12,Economy,18,0.5,951.45,791.95
ORD-2036,2023-05-05,CUST-389,Samantha Hunt,Consumer,South,Danieltown,Furniture,Chairs,Chairs Model-41,Economy,12,0.1,2571.79,1970.93
ORD-2037,2023-02-09,CUST-576,Alyssa Guerrero,Corporate,West,Lake Angelberg,Electronics,Tablets,Tablets Model-29,Express,5,0.3,148.05,1244.81
ORD-2038,2023-09-06,CUST-138,Michael Smith,Corporate,Central,Brightview,Furniture,Tables,Tables Model-2,Economy,3,0.5,2611.08,843.41
ORD-2039,2022-10-12,CUST-513,Dakota Mendoza,Corporate,East,Shannontown,Electronics,Tablets,Tablets Model-35,Same Day,10,0.3,1972.4,768.37
ORD-2040,2022-12-12,CUST-275,Edward Washington,Home Office,Central,Teresaton,Furniture,Desks,Desks Model-40,Standard,9,0.2,464.03,826.25
ORD-2041,2022-11-28,CUST-278,Tiffany Coffey,Corporate,South,East Michaelview,Furniture,Shelves,Shelves Model-22,Economy,9,0.2,4537.02,1001.83
ORD-2042,2022-07-14,CUST-377,Denise Cervantes,Home Office,East,West Mike,Furniture,Shelves,Shelves Model-14,Economy,19,0.5,3438.65,531.42
ORD-2043,2023-09-05,CUST-193,Juan Boone,Home Office,West,North Derekside,Furniture,Tables,Tables Model-24,Express,13,0.3,3951.83,1609.9
ORD-2044,2022-09-18,CUST-594,Nancy Smith,Corporate,Central,Brianfurt,Office Supplies,Pens,Pens Model-26,Standard,3,0.1,3033.86,280.83
ORD-2045,2022-07-23,CUST-421,Donna Burnett,Corporate,Central,Annborough,Office Supplies,Envelopes,Envelopes Model-7,Economy,14,0.3,1335.85,1957.63
ORD-2046,2022-03-13,CUST-237,Darren Peters,Consumer,north,Port Neil,Electronics,Phones,Phones Model-48,Economy,7,0.0,1394.01,961.53
ORD-2047,2022-10-19,CUST-416,Keith Wilson,Home Office,Central,East Darin,Office Supplies,Binders,Binders Model-49,Same Day,18,0.2,2154.72,230.12
ORD-2048,2022-06-25,CUST-204,Paul Schmitt,Home Office,Central,New Josephfurt,Office Supplies,Pens,Pens Model-2,Express,3,0.5,4030.49,1597.77
ORD-2049,2022-04-08,CUST-223,Deborah Wiley,Corporate,Central,Brownville,Clothing,Shirts,Shirts Model-11,Express,8,0.2,1238.5,634.73
ORD-2050,2022-08-07,CUST-309,April Smith,Home Office,West,Mayoborough,Clothing,Accessories,Accessories Model-29,Express,13,0.5,,1648.75
ORD-2051,2023-03-24,CUST-264,Erik Keller,Consumer,West,North Anthony,Furniture,Desks,Desks Model-33,Economy,15,0.5,3950.04,905.05
ORD-2052,2023-02-18,CUST-307,Betty Hardy,Corporate,South,New Jonathan,Clothing,Pants,Pants Model-46,Same Day,8,0.3,1043.58,422.69
ORD-2053,2023-04-09,CUST-392,Charlotte Hamilton,Corporate,East,Brandonshire,Furniture,Chairs,Chairs Model-25,Standard,16,0.3,3568.22,-249.68
ORD-2054,2022-08-23,CUST-233,Susan Young,Corporate,South,Garciahaven,Office Supplies,Binders,Binders Model-11,Express,19,0.5,1352.92,1796.68
ORD-2055,2022-02-19,CUST-568,Dr. Jordan Smith,Consumer,North,West Robertberg,Clothing,Shoes,Shoes Model-40,Standard,9,0.0,3805.94,-93.06
ORD-2056,2022-10-13,CUST-309,Dustin Garcia,Corporate,South,Andreamouth,Furniture,Desks,Desks Model-34,Standard,8,0.0,4356.33,127.85
ORD-2057,2023-07-16,CUST-185,Rachel Castro,Consumer,North,West Danaview,Furniture,Shelves,Shelves Model-13,Standard,3,0.0,2356.54,673.51
ORD-2058,2022-07-03,CUST-225,Samantha Christensen,Consumer,East,Lake Josephstad,Clothing,Shoes,Shoes Model-11,Same Day,17,0.0,772.07,1843.95
ORD-2059,2023-04-26,CUST-541,Jordan Cohen,Home Office,East,Jeanhaven,Furniture,Chairs,Chairs Model-37,Same Day,15,0.1,787.99,4.27
ORD-2060,2022-03-10,CUST-247,Joseph French,Corporate,Central,Maryview,Furniture,Chairs,Chairs Model-32,Economy,18,0.5,4914.45,12.58
ORD-2061,2022-09-15,CUST-357,Erica Nelson,Corporate,South,Villarrealberg,Office Supplies,Envelopes,Envelopes Model-3,Express,3,0.5,2622.12,637.66
ORD-2062,2023-01-20,CUST-349,Rachel Young,Consumer,North,Erinside,Clothing,Accessories,Accessories Model-14,Economy,5,0.3,1504.59,-245.09
ORD-2063,2022-09-08,CUST-562,Sarah Perez,Corporate,East,Port Sarahberg,Office Supplies,Envelopes,Envelopes Model-32,Economy,15,0.3,720.15,1771.16
ORD-2064,2022-05-30,CUST-251,Amy Dunn,Corporate,North,Port Davidfurt,Electronics,Laptops,Laptops Model-23,Economy,13,0.3,4486.22,1822.32
ORD-2065,2023-05-06,CUST-258,Bruce Wheeler,Home Office,South,Josephview,Clothing,Shirts,Shirts Model-1,Standard,5,0.5,,462.34
ORD-2066,2023-04-05,CUST-335,Jillian Khan,Corporate,Central,New Teresafurt,Office Supplies,Paper,Paper Model-21,Same Day,12,0.0,2023.03,1536.58
ORD-2067,2023-06-11,CUST-473,Kyle Smith,Home Office,Central,Hollandtown,Clothing,Accessories,Accessories Model-33,Standard,5,0.3,190.42,1492.41
ORD-2068,2022-05-26,CUST-415,David Love,Corporate,East,Prestonbury,Office Supplies,Pens,Pens Model-26,Express,2,0.0,3812.92,151.57
ORD-2069,2022-06-05,CUST-569,Michael Moore,Consumer,North,Brendahaven,Furniture,Desks,Desks Model-5,Express,2,0.2,2140.29,1006.83
ORD-2070,2022-04-27,CUST-560,Jeffrey Lawson,Corporate,Central,Goodmantown,Furniture,Desks,Desks Model-47,Same Day,16,0.2,409.05,757.09
ORD-2071,2023-06-24,CUST-466,Beth Santiago,Home Office,Central,Robertachester,Office Supplies,Binders,Binders Model-44,Same Day,20,0.1,,1268.5
ORD-2072,2023-05-26,CUST-126,Sarah Pearson,Home Office,East,East Conniefurt,Office Supplies,Binders,Binders Model-17,Standard,5,0.5,4864.08,1980.02
ORD-2073,2022-06-06,CUST-358,Meagan Fowler,Corporate,West,East Derrick,Furniture,Desks,Desks Model-48,Economy,14,0.5,4631.0,1303.98
ORD-2074,2022-11-18,CUST-307,Robert Kane,Corporate,South,Port Melissa,Clothing,Shirts,Shirts Model-27,Economy,1,0.2,4631.36,-169.12
ORD-2075,2023-08-26,CUST-220,Krystal Smith,Corporate,South,Griffinbury,Clothing,Accessories,Accessories Model-40,Express,11,0.1,1078.0,689.24
ORD-2076,2022-03-26,CUST-376,Michael Todd,Corporate,West,Lake Jonathanville,Electronics,Phones,Phones Model-6,Express,2,0.0,3983.01,-280.47
ORD-2077,2023-11-14,CUST-557,Tyler Bean,Corporate,East,Castilloberg,Office Supplies,Binders,Binders Model-7,Standard,19,0.0,2864.27,-207.01
ORD-2078,2023-02-05,CUST-236,Adrienne Reyes,Home Office,East,Tylerbury,Furniture,Tables,Tables Model-40,Standard,20,0.2,4122.71,827.83
ORD-2079,2023-05-24,CUST-116,Mckenzie Garcia,Corporate,East,Lake Frederickbury,Furniture,Chairs,Chairs Model-43,Express,16,0.3,3036.35,1284.77
ORD-2080,2022-08-29,CUST-441,,Corporate,South,Leetown,Clothing,Accessories,Accessories Model-16,Economy,5,0.1,3973.34,1648.38
ORD-2081,2023-04-05,CUST-244,Steven Malone,Corporate,East,Heathershire,Furniture,Chairs,Chairs Model-38,Express,16,0.3,639.29,1362.37
ORD-2082,2023-04-30,CUST-300,Jordan Welch,Consumer,East,South Andrew,Office Supplies,Pens,Pens Model-5,Standard,2,0.2,3284.35,537.68
ORD-2083,2023-04-06,CUST-594,,Home Office,West,South Brandonberg,Clothing,Shoes,Shoes Model-43,Same Day,19,0.1,673.19,451.89
ORD-2084,2023-05-14,CUST-121,Christina Stuart,Consumer,South,East Scott,Clothing,Shirts,Shirts Model-33,Economy,9,0.1,4378.85,469.48
ORD-2085,2023-09-22,CUST-347,Robert Williams,Home Office,South,Port Ronnie,Office Supplies,Binders,Binders Model-14,Express,11,0.5,1871.39,-293.7
ORD-2086,2022-02-10,CUST-380,Christine Mason,Corporate,Central,Lake Robert,Furniture,Desks,Desks Model-49,Economy,2,0.2,2280.21,1353.95
ORD-2087,2023-03-04,CUST-411,Zachary Salas,Home Office,South,Mooremouth,Electronics,Accessories,Accessories Model-21,Express,15,0.2,4645.95,1802.44
ORD-2088,2023-02-09,CUST-120,,Consumer,West,South Scottport,Furniture,Shelves,Shelves Model-16,Economy,1,0.3,1334.18,920.71
ORD-2089,2023-05-29,CUST-492,Mr. Duane Stevens,Home Office,East,Kirstenport,Clothing,Shirts,Shirts Model-50,Standard,16,0.5,4344.04,1385.33
ORD-2090,2023-02-03,CUST-379,Joanne Moore,Home Office,South,East Jamestown,Electronics,Laptops,Laptops Model-1,Economy,3,0.2,2808.17,455.75
ORD-2091,2022-06-23,CUST-312,Susan Young,Consumer,West,Murphyhaven,Furniture,Shelves,Shelves Model-14,Express,12,0.0,3290.71,1245.16
ORD-2092,2022-06-09,CUST-101,Priscilla Russell,Consumer,North,East Leahtown,Electronics,Phones,Phones Model-50,Same Day,6,0.0,4367.37,1661.97
ORD-2093,2023-05-08,CUST-142,Michelle Edwards,Corporate,north,Briggschester,Clothing,Shirts,Shirts Model-23,Express,13,0.1,3343.31,340.09
ORD-2094,2022-06-16,CUST-517,Jennifer Love,Home Office,Central,North Elizabethhaven,Electronics,Phones,Phones Model-13,Economy,12,0.0,737.61,68.78
ORD-2095,2022-08-06,CUST-347,William Marshall,Home Office,North,Nicholsfort,Electronics,Accessories,Accessories Model-48,Express,16,0.5,845.94,1128.47
ORD-2096,2022-02-07,CUST-281,Rebecca Glover,Consumer,East,West Thomasburgh,Furniture,Chairs,Chairs Model-42,Same Day,14,0.0,2270.02,-291.44
ORD-2097,2023-08-31,CUST-382,James Edwards,Home Office,East,West Apriltown,Electronics,Phones,Phones Model-8,Standard,11,0.1,687.49,836.99
ORD-2098,2022-11-04,CUST-456,Robert Keller,Corporate,West,East Haleybury,Electronics,Phones,Phones Model-10,Same Day,11,0.3,3327.47,1996.33
ORD-2099,2022-11-04,CUST-245,Jeremiah Jones,Corporate,South,East Juliestad,Clothing,Shoes,Shoes Model-46,Standard,5,0.5,2040.29,-239.86
ORD-2100,2022-12-08,CUST-395,Christopher Gray,Consumer,Central,New Scottmouth,Electronics,Tablets,Tablets Model-6,Express,2,0.2,1598.38,-15.43
ORD-2101,2023-07-20,CUST-306,Austin Smith,Consumer,East,Annaland,Electronics,Tablets,Tablets Model-27,Standard,11,0.2,3292.92,-69.0
ORD-2102,2023-05-04,CUST-307,Rachel Anderson,Home Office,North,Apriltown,Electronics,Phones,Phones Model-17,Express,19,0.5,222.2,1561.85
ORD-2103,2023-10-08,CUST-473,Renee Henderson,Home Office,South,Jacksonborough,Furniture,Chairs,Chairs Model-11,Express,14,0.0,4063.12,781.73
ORD-2104,2023-07-15,CUST-413,Tanner Solomon,Home Office,West,Jamesland,Furniture,Desks,Desks Model-13,Same Day,12,0.1,1197.18,688.36
ORD-2105,2022-09-13,CUST-461,Randy Taylor,Corporate,East,Lake Jeremymouth,Office Supplies,Binders,Binders Model-42,Economy,1,0.0,3085.76,1746.01
ORD-2106,2023-10-19,CUST-227,Emily Moore,Consumer,North,Sandersmouth,Furniture,Tables,Tables Model-15,Express,2,0.0,2905.22,1924.5
ORD-2107,2023-10-30,CUST-456,Scott Nguyen,Consumer,West,North Codyview,Electronics,Phones,Phones Model-7,Same Day,7,0.3,1058.92,-45.22
ORD-2108,2023-02-25,CUST-240,Mr. Scott Jones,Corporate,South,East Kimberlyview,Office Supplies,Binders,Binders Model-41,Express,7,0.3,1899.84,893.39
ORD-2109,2023-05-16,CUST-229,Tanner Macdonald,Consumer,West,Marshhaven,Furniture,Desks,Desks Model-30,Express,2,0.0,4746.22,706.14
ORD-2110,2022-05-25,CUST-493,Nicholas Ellison,Consumer,West,West Jessicafurt,Electronics,Tablets,Tablets Model-49,Standard,19,0.3,1424.4,107.24
ORD-2111,2023-02-04,CUST-324,Jessica Fox,Consumer,North,Johnsonport,Office Supplies,Envelopes,Envelopes Model-50,Express,16,0.3,1355.5,804.81
ORD-2112,2022-10-02,CUST-453,Crystal Smith,Consumer,East,Lake Michael,Furniture,Chairs,Chairs Model-43,Same Day,13,0.0,3609.0,900.66
ORD-2113,2022-09-08,CUST-384,,Home Office,Central,Katiebury,Office Supplies,Binders,Binders Model-34,Express,16,0.5,3791.11,1237.43
ORD-2114,2022-01-02,CUST-475,Justin Fox,Corporate,West,South Timothy,Clothing,Shoes,Shoes Model-17,Same Day,19,0.1,2410.29,130.96
ORD-2115,2023-01-25,CUST-225,Audrey Mcfarland,Corporate,North,Richardsonbury,Office Supplies,Paper,Paper Model-22,Same Day,16,0.1,2364.55,151.42
ORD-2116,2022-04-16,CUST-310,Dr. Sheri Brooks MD,Consumer,South,New Kevinville,Electronics,Phones,Phones Model-30,Economy,18,0.0,2830.14,15.09
ORD-2117,2022-08-08,CUST-231,Amy Thomas,Consumer,Central,East Nicholaschester,Furniture,Tables,Tables Model-27,Standard,9,0.5,1100.17,-77.23
ORD-2118,2022-04-06,CUST-374,Cassandra Nichols,Home Office,South,Ericbury,Furniture,Chairs,Chairs Model-3,Economy,9,0.5,4029.02,1519.53
ORD-2119,2023-02-26,CUST-357,Suzanne Howard,Home Office,South,Kellyfort,Clothing,Pants,Pants Model-37,Same Day,1,0.3,4438.47,-69.78
ORD-2120,2022-04-10,CUST-441,David Terry,Corporate,South,Genefurt,Furniture,Chairs,Chairs Model-12,Express,8,0.0,4903.72,1014.92
ORD-2121,2023-04-17,CUST-416,Robert Nguyen,Consumer,North,Walshberg,Furniture,Shelves,Shelves Model-8,Express,12,0.2,315.76,733.77
ORD-2122,2023-01-23,CUST-372,Jennifer Johnson,Consumer,West,Port Ralph,Furniture,Desks,Desks Model-7,Standard,6,0.1,48.04,561.43
ORD-2123,2024-01-01,CUST-446,Kevin Woods,Home Office,Central,Lunafort,Furniture,Shelves,Shelves Model-38,Same Day,15,0.1,2606.11,976.49
ORD-2124,2023-03-12,CUST-327,John Burns,Corporate,East,East Jordanland,Furniture,Desks,Desks Model-17,Express,1,0.1,868.95,1624.39
ORD-2125,2023-12-13,CUST-477,Joseph Thompson,Home Office,Central,Kingberg,Electronics,Phones,Phones Model-8,Economy,13,0.5,642.63,-176.28
ORD-2126,2022-05-10,CUST-539,Adam Mendoza,Home Office,Central,Michaelfurt,Furniture,Tables,Tables Model-5,Express,18,0.5,1210.01,-183.26
ORD-2127,2023-07-17,CUST-318,Erica Howell,Corporate,South,Amberhaven,Office Supplies,Binders,Binders Model-9,Express,3,0.5,689.54,110.11
ORD-2128,2023-04-17,CUST-533,Robert Black,Corporate,North,Spencerbury,Electronics,Tablets,Tablets Model-3,Standard,1,0.0,831.53,335.52
ORD-2129,2022-03-26,CUST-512,,Consumer,West,South Marissa,Furniture,Chairs,Chairs Model-35,Same Day,2,0.5,3442.9,805.79
ORD-2130,2023-06-01,CUST-233,Johnny Powell,Consumer,North,Webbstad,Clothing,Shirts,Shirts Model-35,Express,20,0.5,3231.58,1430.82
ORD-2131,2022-06-29,CUST-418,James Goodwin,Consumer,East,Lake Brendaburgh,Electronics,Laptops,Laptops Model-25,Economy,2,0.5,,364.65
ORD-2132,2022-09-09,CUST-145,Jeremy Lewis,Corporate,Central,North Stephen,Electronics,Tablets,Tablets Model-18,Express,13,0.3,1895.7,1164.34
ORD-2133,2022-11-26,CUST-258,Jeffrey Moon,Consumer,Central,Taylorchester,Office Supplies,Pens,Pens Model-25,Standard,18,0.0,1854.14,-187.3
ORD-2134,2023-09-25,CUST-495,Anthony Clark,Home Office,Central,Jesseland,Clothing,Accessories,Accessories Model-12,Express,3,0.0,1781.83,1997.1
ORD-2135,2023-06-26,CUST-370,Michael Dalton,Home Office,North,New Martha,Clothing,Shoes,Shoes Model-17,Same Day,6,0.5,630.08,978.32
ORD-2136,2022-07-12,CUST-237,Melissa Shepard,Consumer,South,Lake Karenberg,Furniture,Desks,Desks Model-44,Standard,5,0.3,2646.32,-152.42
ORD-2137,2022-11-01,CUST-314,Alexandra Walter,Home Office,South,Morganbury,Office Supplies,Envelopes,Envelopes Model-24,Economy,7,0.0,801.38,258.25
ORD-2138,2022-10-26,CUST-180,Nancy Shah,Corporate,East,Belltown,Electronics,Accessories,Accessories Model-49,Same Day,2,0.1,4727.81,1152.75
ORD-2139,2022-10-28,CUST-473,Nancy Shaw,Consumer,North,New Devonchester,Office Supplies,Pens,Pens Model-31,Economy,10,0.3,966.44,1690.58
ORD-2140,2022-04-22,CUST-356,Jason Juarez,Home Office,South,New Nicholas,Electronics,Laptops,Laptops Model-18,Same Day,5,0.3,1848.18,979.01
ORD-2141,2022-10-24,CUST-536,Kelly Townsend,Corporate,South,Jamesborough,Office Supplies,Paper,Paper Model-14,Express,7,0.2,3437.27,-167.7
ORD-2142,2022-08-16,CUST-146,,Consumer,Central,Coreyton,Electronics,Accessories,Accessories Model-30,Economy,4,0.5,4035.46,1553.68
ORD-2143,2023-05-20,CUST-265,Charles Rios,Consumer,North,Roachmouth,Electronics,Laptops,Laptops Model-27,Standard,3,0.0,1091.74,631.49
ORD-2144,2022-04-08,CUST-308,Rachael Camacho,Home Office,Central,Austinton,Office Supplies,Envelopes,Envelopes Model-1,Standard,6,0.1,2313.95,851.57
ORD-2145,2023-03-01,CUST-405,Teresa Herrera,Home Office,North,West Christinatown,Electronics,Tablets,Tablets Model-16,Economy,11,0.3,568.95,-5.81
ORD-2146,2022-01-04,CUST-300,Kelly Shea,Corporate,Central,South Williammouth,Electronics,Accessories,Accessories Model-23,Express,2,0.0,4412.58,1264.28
ORD-2147,2023-07-07,CUST-371,Leslie Ortiz,Corporate,East,South Amanda,Office Supplies,Paper,Paper Model-2,Express,14,0.1,1468.3,232.1
ORD-2148,2022-09-03,CUST-314,Regina Campos,Consumer,North,Clarkton,Furniture,Chairs,Chairs Model-17,Standard,10,0.1,2261.95,470.94
ORD-2149,2022-12-12,CUST-319,Brian Hodge,Corporate,North,Aliceborough,Office Supplies,Paper,Paper Model-34,Standard,4,0.1,1195.87,1851.86
ORD-2150,2023-06-17,CUST-303,Timothy Bates,Home Office,North,New Arthur,Furniture,Chairs,Chairs Model-49,Standard,13,0.1,4425.84,531.04
ORD-2151,2022-06-29,CUST-274,Larry Lewis DDS,Corporate,North,South Christophershire,Furniture,Chairs,Chairs Model-28,Express,14,0.5,3840.3,284.26
ORD-2152,2023-06-22,CUST-593,Karen Martin,Consumer,North,Paulberg,Furniture,Tables,Tables Model-16,Same Day,18,0.0,4158.64,367.92
ORD-2153,2022-09-01,CUST-381,Colin Johnson,Home Office,Central,Lake Michaelville,Office Supplies,Binders,Binders Model-9,Economy,2,0.1,2389.67,1234.35
ORD-2154,2023-11-15,CUST-109,Kyle Burke,Home Office,North,Edwardshaven,Electronics,Phones,Phones Model-33,Same Day,19,0.5,1859.11,1289.55
ORD-2155,2023-04-09,CUST-184,Michael Schmidt,Corporate,Central,Erikburgh,Furniture,Chairs,Chairs Model-46,Economy,20,0.5,4959.55,1040.67
ORD-2156,2023-06-19,CUST-287,David Gilbert,Home Office,West,South Curtisshire,Clothing,Shirts,Shirts Model-41,Express,5,0.2,1484.78,931.11
ORD-2157,2022-06-29,CUST-529,Kelly Maynard,Consumer,East,New Sandraview,Office Supplies,Pens,Pens Model-50,Express,14,0.3,4453.79,-50.78
ORD-2158,2022-06-08,CUST-491,Robert Hubbard,Corporate,North,South Ivan,Electronics,Accessories,Accessories Model-42,Economy,6,0.1,1995.99,-29.25
ORD-2159,2023-11-18,CUST-432,Brandon Davidson,Consumer,Central,Aguilarchester,Furniture,Shelves,Shelves Model-9,Standard,10,0.0,3316.09,1788.08
ORD-2160,2023-12-13,CUST-115,Jamie Frazier,Home Office,South,Christopherville,Electronics,Laptops,Laptops Model-26,Same Day,18,0.1,2835.68,698.54
ORD-2161,2022-12-19,CUST-524,Amber Snyder,Consumer,North,South Jonathan,Clothing,Accessories,Accessories Model-36,Economy,14,0.0,2040.56,-132.55
ORD-2162,2023-08-09,CUST-161,Kyle Weber,Corporate,South,Hammondfort,Furniture,Shelves,Shelves Model-50,Same Day,13,0.5,1690.89,1824.8
ORD-2163,2022-01-31,CUST-485,Michael Ortiz,Consumer,North,Angelachester,Office Supplies,Paper,Paper Model-1,Economy,20,0.3,4164.32,77.76
ORD-2164,2023-05-31,CUST-198,Stephanie Fisher,Home Office,East,Drewfort,Electronics,Accessories,Accessories Model-2,Standard,3,0.3,1018.27,-113.21
ORD-2165,2022-11-26,CUST-190,Joshua Mcdonald,Home Office,Central,Port Jaimeside,Office Supplies,Paper,Paper Model-13,Economy,14,0.1,281.07,637.92
ORD-2166,2023-05-23,CUST-300,Jeffrey Brown,Consumer,North,West Ashley,Office Supplies,Paper,Paper Model-46,Economy,5,0.3,2208.84,1077.32
ORD-2167,2022-01-20,CUST-546,John Pacheco,Corporate,West,Pughville,Furniture,Shelves,Shelves Model-25,Standard,6,0.5,2781.77,-88.24
ORD-2168,2023-02-11,CUST-234,Robert Smith,Consumer,South,Dannymouth,Office Supplies,Paper,Paper Model-13,Express,15,0.1,4683.51,1251.65
ORD-2169,2022-07-27,CUST-155,Deborah Becker,Corporate,Central,Lake Jessica,Office Supplies,Pens,Pens Model-6,Economy,1,0.1,1730.26,1910.33
ORD-2170,2023-09-10,CUST-212,Phillip Crawford,Corporate,South,Lake Jenny,Electronics,Phones,Phones Model-33,Same Day,5,0.3,825.28,573.61
ORD-2171,2022-08-12,CUST-379,Jennifer Brady,Corporate,East,Robertview,Electronics,Laptops,Laptops Model-17,Standard,6,0.5,2242.97,1750.22
ORD-2172,2023-03-18,CUST-221,Brittany Lambert,Corporate,South,Wendyton,Electronics,Phones,Phones Model-44,Same Day,4,0.3,1384.2,1988.34
ORD-2173,2023-11-15,CUST-138,Thomas Miller,Consumer,South,North Johnmouth,Clothing,Accessories,Accessories Model-41,Standard,16,0.5,2571.82,1804.89
ORD-2174,2022-06-25,CUST-524,Evan Campbell,Corporate,Central,Lake Tyler,Office Supplies,Envelopes,Envelopes Model-29,Express,14,0.1,2866.87,482.32
ORD-2175,2023-02-23,CUST-484,Sarah Gibson,Corporate,North,Davidmouth,Furniture,Shelves,Shelves Model-32,Economy,13,0.0,155.49,226.49
ORD-2176,2023-02-19,CUST-540,Roberto Wilkinson,Consumer,East,South Aaron,Clothing,Pants,Pants Model-49,Standard,13,0.5,2596.2,1557.49
ORD-2177,2022-12-02,CUST-301,Karen Medina,Home Office,East,South Adamfort,Furniture,Shelves,Shelves Model-1,Same Day,18,0.3,3372.68,-101.77
ORD-2178,2023-06-20,CUST-137,Paul Warner,Home Office,South,North Crystal,Furniture,Chairs,Chairs Model-21,Economy,15,0.5,3260.0,1855.25
ORD-2179,2023-03-17,CUST-501,Michael Silva,Home Office,North,Port Christina,Office Supplies,Pens,Pens Model-11,Express,2,0.2,3120.95,946.27
ORD-2180,2023-09-05,CUST-596,Roger Garcia,Corporate,South,Chadbury,Furniture,Desks,Desks Model-20,Same Day,20,0.5,3586.59,276.77
ORD-2181,2023-10-04,CUST-514,Ashley Brown,Consumer,West,Nguyentown,Office Supplies,Envelopes,Envelopes Model-6,Same Day,6,0.1,2733.01,753.14
ORD-2182,2022-01-27,CUST-294,Terri Jackson,Consumer,Central,Gravesfurt,Furniture,Tables,Tables Model-5,Economy,16,0.5,4670.18,739.61
ORD-2183,2022-06-07,CUST-364,Austin Robles,Home Office,South,West Kimberlyview,Clothing,Accessories,Accessories Model-32,Standard,18,0.2,,-2.18
ORD-2184,2022-02-23,CUST-439,,Corporate,West,Moorestad,Furniture,Shelves,Shelves Model-25,Same Day,15,0.5,3480.55,1730.95
ORD-2185,2023-01-19,CUST-368,Brittney Hopkins,Corporate,West,Port Benjaminborough,Furniture,Shelves,Shelves Model-38,Economy,7,0.1,1348.93,119.88
ORD-2186,2023-12-01,CUST-237,Richard Roberts,Corporate,South,Conniebury,Furniture,Tables,Tables Model-13,Standard,11,0.3,2668.19,1024.92
ORD-2187,2023-06-30,CUST-577,John Hernandez,Corporate,South,Johnsonberg,Office Supplies,Pens,Pens Model-22,Economy,6,0.5,3809.88,1361.57
ORD-2188,2023-06-27,CUST-152,,Consumer,Central,New Brian,Furniture,Shelves,Shelves Model-7,Economy,12,0.2,3043.61,1278.81
ORD-2189,2022-01-17,CUST-495,Randy Smith,Home Office,East,Port Alanport,Clothing,Shoes,Shoes Model-17,Express,1,0.1,3053.32,1438.77
ORD-2190,2023-05-08,CUST-201,Kayla Moss,Home Office,East,Carterton,Electronics,Phones,Phones Model-38,Express,9,0.0,2999.02,79.07
ORD-2191,2022-10-28,CUST-267,Jermaine Knight,Consumer,North,New Jonathanville,Electronics,Tablets,Tablets Model-14,Express,12,0.5,2273.85,451.57
ORD-2192,2023-03-13,CUST-108,,Home Office,East,West Michaelfurt,Electronics,Laptops,Laptops Model-10,Standard,10,0.0,2242.16,429.84
ORD-2193,2023-07-29,CUST-167,Alice Robinson,Corporate,North,Joshuaview,Electronics,Accessories,Accessories Model-18,Same Day,5,0.1,310.11,1384.75
ORD-2194,2022-06-16,CUST-385,Sandra Russell,Corporate,West,Sarahton,Office Supplies,Envelopes,Envelopes Model-4,Same Day,19,0.5,4452.02,1850.9
ORD-2195,2022-06-21,CUST-361,Jesse Garcia,Corporate,East,Cynthiaborough,Office Supplies,Binders,Binders Model-35,Same Day,19,0.3,699.71,1324.03
ORD-2196,2023-05-30,CUST-566,Joseph Carpenter DDS,Consumer,North,Davidstad,Office Supplies,Pens,Pens Model-45,Economy,11,0.0,653.2,1903.41
ORD-2197,2022-11-11,CUST-431,Amanda Hicks,Consumer,north,Lake Samantha,Electronics,Laptops,Laptops Model-16,Express,4,0.2,1868.79,228.02
ORD-2198,2022-02-04,CUST-317,Michelle Cooley,Home Office,South,Tammyburgh,Office Supplies,Envelopes,Envelopes Model-44,Standard,10,0.2,2613.72,1156.86
ORD-2199,2022-05-28,CUST-579,Yvonne Lee,Consumer,West,Reyesville,Clothing,Accessories,Accessories Model-29,Economy,10,0.3,,1655.79
ORD-2200,2022-10-22,CUST-369,Wendy Garcia DDS,Consumer,South,Jeanport,Furniture,Shelves,Shelves Model-46,Standard,5,0.1,1053.66,1904.99
ORD-2201,2023-10-02,CUST-104,Lawrence Duran,Consumer,Central,North Kathleen,Electronics,Tablets,Tablets Model-16,Economy,9,0.3,472.09,567.46
ORD-2202,2023-04-28,CUST-440,Crystal Lee,Corporate,South,Amandaside,Electronics,Laptops,Laptops Model-12,Same Day,16,0.3,2026.09,1324.18
ORD-2203,2022-05-19,CUST-582,William Mendez,Consumer,East,New Brendafort,Office Supplies,Envelopes,Envelopes Model-10,Standard,17,0.3,1900.76,1684.3
ORD-2204,2022-02-24,CUST-325,Christina Smith,Consumer,West,Kimberg,Electronics,Accessories,Accessories Model-12,Standard,15,0.1,2751.38,117.8
ORD-2205,2022-11-30,CUST-589,Kristina Oneal,Home Office,Central,West Erinview,Furniture,Chairs,Chairs Model-14,Economy,6,0.0,917.13,56.94
ORD-2206,2022-08-30,CUST-559,Laura Harmon,Consumer,East,West Robertport,Electronics,Tablets,Tablets Model-42,Same Day,8,0.5,2770.15,30.91
ORD-2207,2023-03-04,CUST-337,Tina Pena,Home Office,West,Chaneychester,Office Supplies,Binders,Binders Model-15,Express,13,0.2,,1367.01
ORD-2208,2023-09-18,CUST-557,Stacey Shelton,Corporate,Central,Jacobtown,Office Supplies,Envelopes,Envelopes Model-38,Economy,1,0.1,3580.3,-32.1
ORD-2209,2023-11-14,CUST-369,Calvin Farmer,Corporate,North,Margaretville,Office Supplies,Pens,Pens Model-14,Economy,11,0.1,4506.35,777.58
ORD-2210,2022-06-02,CUST-597,Mrs. Julie Humphrey,Consumer,South,Lake Peggystad,Furniture,Tables,Tables Model-24,Economy,2,0.5,150.11,1253.01
ORD-2211,2023-06-16,CUST-324,Dylan Miller,Corporate,South,Frankmouth,Clothing,Accessories,Accessories Model-45,Same Day,17,0.2,2522.27,1686.33
ORD-2212,2022-07-26,CUST-220,John Cook,Corporate,North,Brianfort,Electronics,Phones,Phones Model-37,Same Day,4,0.3,96.51,1949.38
ORD-2213,2022-01-24,CUST-185,Kyle Phillips,Home Office,Central,Bruceburgh,Furniture,Chairs,Chairs Model-48,Same Day,1,0.0,3896.93,1178.7
ORD-2214,2023-09-19,CUST-395,Steven Taylor MD,Corporate,West,West Richard,Furniture,Chairs,Chairs Model-6,Express,19,0.3,4118.01,1796.81
ORD-2215,2022-06-05,CUST-543,Jason Leonard,Home Office,West,Kimberlymouth,Electronics,Laptops,Laptops Model-27,Economy,5,0.0,586.64,62.03
ORD-2216,2023-01-27,CUST-192,Justin Hobbs II,Consumer,North,New Ann,Electronics,Phones,Phones Model-40,Standard,15,0.1,2019.45,-2.14
ORD-2217,2022-07-22,CUST-209,Robert Moore,Consumer,East,North James,Clothing,Pants,Pants Model-37,Express,14,0.3,4628.16,1417.58
ORD-2218,2023-06-18,CUST-244,Amy Miranda,Consumer,North,Lake Christinebury,Clothing,Shoes,Shoes Model-6,Same Day,1,0.5,527.11,1458.03
ORD-2219,2023-08-14,CUST-176,Anthony Strong,Home Office,East,Allenville,Office Supplies,Paper,Paper Model-25,Express,1,0.5,3327.97,1958.56
ORD-2220,2022-03-09,CUST-100,Peter Gonzalez,Consumer,Central,Edwardhaven,Office Supplies,Envelopes,Envelopes Model-39,Same Day,5,0.5,,1392.76
ORD-2221,2022-05-26,CUST-283,Christopher Benson,Home Office,East,Tiffanytown,Clothing,Shirts,Shirts Model-35,Same Day,13,0.2,1384.56,674.88
ORD-2222,2022-06-09,CUST-576,Emily Taylor,Consumer,West,South Stevemouth,Office Supplies,Paper,Paper Model-8,Same Day,20,0.1,137.97,1977.23
ORD-2223,2023-03-30,CUST-320,Maria Dunn,Corporate,Central,Kennethfurt,Furniture,Chairs,Chairs Model-2,Economy,8,0.1,3597.02,1917.19
ORD-2224,2022-11-24,CUST-523,Heather Calderon,Home Office,North,North Matthew,Electronics,Tablets,Tablets Model-15,Same Day,2,0.1,,1687.33
ORD-2225,2023-08-01,CUST-288,Elizabeth Padilla,Corporate,East,Barkerport,Clothing,Accessories,Accessories Model-40,Standard,12,0.3,4571.89,1171.63
ORD-2226,2022-06-26,CUST-530,Andrew Richardson,Consumer,South,Jasonmouth,Office Supplies,Envelopes,Envelopes Model-17,Economy,14,0.0,4729.39,277.95
ORD-2227,2022-08-01,CUST-505,Elizabeth Patterson,Corporate,Central,Port Tiffany,Electronics,Phones,Phones Model-15,Standard,15,0.3,142.96,1796.38
ORD-2228,2023-07-12,CUST-472,,Home Office,East,Port Amandaview,Clothing,Shirts,Shirts Model-29,Standard,5,0.5,75.51,-75.91
ORD-2229,2022-03-28,CUST-331,Steven Larson,Consumer,South,Lake Brittany,Electronics,Accessories,Accessories Model-4,Economy,8,0.2,985.47,-202.36
ORD-2230,2023-05-19,CUST-189,Jessica Gardner,Consumer,South,Mortonberg,Office Supplies,Binders,Binders Model-2,Standard,19,0.3,1508.18,1542.36
ORD-2231,2023-03-13,CUST-354,James Simpson,Consumer,South,Port Caitlin,Office Supplies,Envelopes,Envelopes Model-8,Standard,11,0.1,3520.0,1071.17
ORD-2232,2023-03-27,CUST-555,James Garcia,Corporate,West,New Tracy,Clothing,Pants,Pants Model-10,Standard,12,0.5,4610.63,1628.16
ORD-2233,2022-02-02,CUST-312,Brittney Johnson,Corporate,North,East Emmaside,Clothing,Shirts,Shirts Model-20,Same Day,19,0.0,297.33,311.81
ORD-2234,2022-05-08,CUST-483,Veronica Collins,Home Office,East,Amymouth,Clothing,Accessories,Accessories Model-38,Express,18,0.5,4570.51,-214.09
ORD-2235,2022-11-19,CUST-133,Amy Brown,Corporate,South,Murrayberg,Office Supplies,Paper,Paper Model-3,Same Day,20,0.5,1253.96,1994.22
ORD-2236,2023-09-13,CUST-214,Mrs. Alexandria Blake,Home Office,North,East Debbie,Clothing,Accessories,Accessories Model-13,Economy,19,0.3,2650.65,833.5
ORD-2237,2023-02-25,CUST-176,Megan Davis,Consumer,West,New Doris,Office Supplies,Paper,Paper Model-19,Standard,16,0.3,4541.3,1897.54
ORD-2238,2022-07-07,CUST-363,Michael Bradley,Home Office,Central,Chavezport,Office Supplies,Envelopes,Envelopes Model-39,Same Day,19,0.5,1062.57,1284.43
ORD-2239,2023-12-30,CUST-552,Carol Barnes,Corporate,South,Caldwellburgh,Electronics,Phones,Phones Model-2,Express,15,0.0,4114.5,307.46
ORD-2240,2022-04-02,CUST-438,Russell Lee,Home Office,North,Hillton,Furniture,Chairs,Chairs Model-41,Same Day,4,0.5,2059.6,1634.36
ORD-2241,2022-04-25,CUST-111,Julie Shaw,Home Office,Central,West Cindy,Clothing,Pants,Pants Model-33,Same Day,17,0.0,426.67,722.25
ORD-2242,2022-11-08,CUST-161,Michael Sullivan,Corporate,East,East Donaldburgh,Clothing,Shoes,Shoes Model-34,Express,19,0.3,2680.17,69.65
ORD-2243,2022-01-27,CUST-342,Melissa Koch,Corporate,West,South Justin,Furniture,Chairs,Chairs Model-43,Standard,6,0.1,1304.91,-192.31
ORD-2244,2022-06-11,CUST-518,Michele Hardy,Home Office,East,Timothyview,Electronics,Phones,Phones Model-11,Economy,18,0.5,2559.38,849.27
ORD-2245,2022-10-01,CUST-465,Angel Leblanc,Consumer,East,Rickytown,Clothing,Shirts,Shirts Model-6,Economy,4,0.2,225.24,515.67
ORD-2246,2023-05-15,CUST-453,William Gibson,Home Office,Central,Christensentown,Furniture,Tables,Tables Model-15,Same Day,13,0.2,1427.75,1755.65
ORD-2247,2022-10-27,CUST-574,Joseph Bradford,Corporate,East,New Josephshire,Clothing,Pants,Pants Model-40,Economy,13,0.5,3203.59,1734.97
ORD-2248,2023-04-09,CUST-327,Ashley Robinson,Consumer,South,North Timothyberg,Electronics,Tablets,Tablets Model-36,Same Day,4,0.3,2563.39,48.89
ORD-2249,2022-10-09,CUST-357,Beverly Palmer,Home Office,South,Pierceville,Furniture,Desks,Desks Model-18,Economy,18,0.5,2717.67,-12.37
ORD-2250,2023-05-07,CUST-369,John Mccarthy,Corporate,Central,Tammyhaven,Office Supplies,Envelopes,Envelopes Model-37,Standard,14,0.0,765.18,1971.3
ORD-2251,2023-08-24,CUST-227,James Mcconnell,Corporate,Central,East Georgefort,Furniture,Chairs,Chairs Model-41,Express,7,0.3,4481.34,1986.71
ORD-2252,2022-07-11,CUST-230,Scott Smith,Corporate,Central,Moranshire,Electronics,Tablets,Tablets Model-33,Standard,13,0.2,4905.25,-199.28
ORD-2253,2022-11-06,CUST-415,Jennifer Simmons,Consumer,West,Joneschester,Office Supplies,Binders,Binders Model-21,Standard,7,0.2,2483.0,303.02
ORD-2254,2023-05-11,CUST-133,Dana Stewart,Home Office,South,Sabrinashire,Electronics,Accessories,Accessories Model-45,Same Day,20,0.5,4483.91,1842.12
ORD-2255,2023-04-18,CUST-239,Joshua Higgins,Consumer,West,East Keithberg,Electronics,Accessories,Accessories Model-18,Economy,17,0.0,4168.31,34.56
ORD-2256,2022-09-29,CUST-375,Leslie Salas,Home Office,South,Port Edwardtown,Clothing,Accessories,Accessories Model-45,Economy,20,0.5,2734.12,1117.88
ORD-2257,2022-12-02,CUST-260,Randy Lopez,Home Office,North,Joshuachester,Office Supplies,Paper,Paper Model-8,Standard,20,0.1,1708.02,300.8
ORD-2258,2022-09-10,CUST-455,Lindsey Fisher,Consumer,East,Thorntontown,Clothing,Shoes,Shoes Model-8,Standard,16,0.0,3487.98,577.43
ORD-2259,2023-03-08,CUST-463,Pamela Clark,Home Office,south,Lake Brittney,Clothing,Pants,Pants Model-7,Same Day,11,0.2,1578.8,644.82
ORD-2260,2022-05-20,CUST-228,George Wolfe,Consumer,North,Josephside,Electronics,Tablets,Tablets Model-19,Economy,13,0.2,1500.58,1933.93
ORD-2261,2023-05-25,CUST-323,Allison Berg,Corporate,South,East Gregory,Clothing,Accessories,Accessories Model-1,Same Day,11,0.3,2058.2,451.81
ORD-2262,2022-11-12,CUST-198,John Carlson,Home Office,Central,Denisetown,Electronics,Accessories,Accessories Model-2,Economy,5,0.1,3842.35,1918.94
ORD-2263,2023-10-11,CUST-458,Matthew Jenkins,Corporate,North,West Christopherburgh,Clothing,Pants,Pants Model-7,Economy,11,0.5,929.78,663.09
ORD-2264,2022-07-11,CUST-192,Richard Morrison,Corporate,West,Angelabury,Clothing,Pants,Pants Model-31,Economy,10,0.3,600.89,49.96
ORD-2265,2022-03-22,CUST-151,Elizabeth Smith,Consumer,east,South Danielton,Electronics,Phones,Phones Model-33,Same Day,18,0.5,892.62,1331.02
ORD-2266,2023-05-01,CUST-346,Diana Church,Home Office,West,Alexandratown,Electronics,Phones,Phones Model-36,Express,7,0.0,2948.16,1958.55
ORD-2267,2022-10-07,CUST-309,Sarah Warren,Corporate,South,South Richard,Clothing,Shirts,Shirts Model-41,Economy,3,0.1,2236.12,1986.7
ORD-2268,2023-05-06,CUST-456,Cassandra Wilson,Home Office,West,Lake Ashley,Office Supplies,Pens,Pens Model-49,Standard,15,0.5,1717.33,689.19
ORD-2269,2022-11-14,CUST-455,,Consumer,Central,Brownchester,Office Supplies,Pens,Pens Model-21,Same Day,12,0.2,648.3,1245.02
ORD-2270,2022-10-20,CUST-174,Michelle Brown,Consumer,North,South Amyview,Office Supplies,Binders,Binders Model-8,Express,7,0.1,3264.51,478.64
ORD-2271,2023-04-07,CUST-491,David White,Consumer,South,Brittanyfort,Clothing,Shirts,Shirts Model-43,Same Day,6,0.3,2197.56,1479.17
ORD-2272,2022-03-16,CUST-106,Courtney Montoya,Home Office,Central,West Brentberg,Clothing,Pants,Pants Model-4,Standard,20,0.3,4489.72,513.35
ORD-2273,2023-01-31,CUST-217,Susan Leonard,Corporate,Central,New Michaelhaven,Furniture,Chairs,Chairs Model-33,Express,9,0.5,3048.32,1523.5
ORD-2274,2022-02-06,CUST-503,Tiffany Nguyen,Home Office,North,Ingramchester,Office Supplies,Paper,Paper Model-33,Standard,13,0.3,4290.61,1685.41
ORD-2275,2022-06-26,CUST-443,Kevin Durham,Corporate,East,North Tonyview,Clothing,Shoes,Shoes Model-17,Economy,2,0.5,1401.48,285.1
ORD-2276,2023-09-10,CUST-501,Jenny Donovan,Home Office,North,Nicholaston,Electronics,Accessories,Accessories Model-1,Same Day,8,0.5,3101.51,735.77
ORD-2277,2023-09-30,CUST-400,Emily Wright,Home Office,Central,South Joshualand,Office Supplies,Envelopes,Envelopes Model-50,Express,20,0.0,2843.81,678.85
ORD-2278,2022-04-18,CUST-170,Veronica Hood,Corporate,West,East Troy,Furniture,Desks,Desks Model-15,Standard,3,0.5,1378.46,733.65
ORD-2279,2022-05-16,CUST-432,Justin Moreno,Consumer,Central,Margaretchester,Furniture,Shelves,Shelves Model-29,Express,17,0.1,4523.75,1612.78
ORD-2280,2022-01-31,CUST-583,Kathryn Taylor,Home Office,South,South Lindachester,Electronics,Accessories,Accessories Model-12,Standard,19,0.5,1965.57,1578.9
ORD-2281,2022-07-09,CUST-108,Douglas Smith,Consumer,Central,South Robertmouth,Electronics,Phones,Phones Model-25,Economy,14,0.3,1157.8,1744.62
ORD-2282,2022-05-05,CUST-251,Robert Walker,Consumer,East,West Angel,Clothing,Accessories,Accessories Model-25,Standard,10,0.0,65.91,-107.69
ORD-2283,2023-10-19,CUST-486,Elizabeth Jackson,Consumer,West,Melaniefurt,Office Supplies,Pens,Pens Model-18,Economy,18,0.1,4717.59,1056.16
ORD-2284,2022-02-05,CUST-108,John Anderson,Corporate,West,Carolinemouth,Office Supplies,Paper,Paper Model-12,Standard,12,0.2,28.21,1386.67
ORD-2285,2022-12-06,CUST-323,,Corporate,West,West Joshuahaven,Clothing,Shirts,Shirts Model-28,Same Day,3,0.0,107.53,1284.77
ORD-2286,2023-12-27,CUST-582,Alexis Simmons,Consumer,East,Lake Gailstad,Office Supplies,Paper,Paper Model-1,Economy,18,0.2,460.58,1633.66
ORD-2287,2022-02-12,CUST-495,Patricia Gillespie,Home Office,South,Burgesston,Office Supplies,Envelopes,Envelopes Model-28,Economy,18,0.1,2618.74,-265.4
ORD-2288,2023-02-02,CUST-370,Jennifer Perez,Consumer,Central,New Nataliestad,Clothing,Pants,Pants Model-28,Standard,16,0.5,3038.6,1505.3
ORD-2289,2022-02-01,CUST-192,Elizabeth Oconnor,Corporate,West,Jefferyport,Electronics,Tablets,Tablets Model-5,Economy,13,0.0,1861.27,1060.13
ORD-2290,2023-03-18,CUST-283,Raymond Rose MD,Corporate,Central,Kellytown,Electronics,Laptops,Laptops Model-37,Express,13,0.0,4407.09,1457.2
ORD-2291,2022-03-16,CUST-361,Erik Armstrong,Corporate,North,North Joshuafort,Office Supplies,Pens,Pens Model-30,Economy,15,0.2,3921.99,530.78
ORD-2292,2023-09-09,CUST-377,Brandi Gomez,Home Office,Central,Lake Johnstad,Office Supplies,Envelopes,Envelopes Model-10,Same Day,3,0.5,932.54,-128.35
ORD-2293,2022-06-16,CUST-271,Julie Scott,Home Office,Central,Port Patriciastad,Office Supplies,Pens,Pens Model-5,Economy,2,0.2,713.16,1868.96
ORD-2294,2023-11-29,CUST-527,Laura Alvarez,Consumer,East,North Robertmouth,Electronics,Tablets,Tablets Model-28,Express,1,0.5,1475.31,818.05
ORD-2295,2022-02-20,CUST-573,Kimberly Garcia,Home Office,East,Lake Jackie,Electronics,Phones,Phones Model-27,Same Day,2,0.3,326.21,618.39
ORD-2296,2023-05-31,CUST-267,Edward Mathis,Home Office,East,South Wesleyside,Clothing,Pants,Pants Model-1,Standard,3,0.3,823.15,987.98
ORD-2297,2023-12-07,CUST-146,,Consumer,West,West Lindseymouth,Furniture,Tables,Tables Model-5,Economy,18,0.2,1316.47,741.04
ORD-2298,2022-04-29,CUST-412,Julie Carter,Consumer,West,North Craig,Electronics,Phones,Phones Model-7,Standard,11,0.1,2876.06,1941.87
ORD-2299,2023-03-28,CUST-202,Wyatt Mack,Consumer,North,Port Tinaborough,Office Supplies,Pens,Pens Model-30,Standard,14,0.5,,1009.88
ORD-2300,2023-06-01,CUST-464,April Johnson,Corporate,East,Williamshire,Office Supplies,Paper,Paper Model-15,Express,19,0.5,2874.27,418.19
ORD-2301,2022-05-15,CUST-341,Michael Luna,Consumer,West,Lake Angelica,Clothing,Shoes,Shoes Model-47,Standard,20,0.5,2979.94,341.77
ORD-2302,2022-08-07,CUST-136,Arthur Bush,Consumer,East,Michaelmouth,Office Supplies,Paper,Paper Model-22,Standard,5,0.2,4509.47,1368.31
ORD-2303,2023-04-25,CUST-551,Matthew Jones,Home Office,East,North Lance,Furniture,Chairs,Chairs Model-29,Same Day,17,0.1,4463.09,190.67
ORD-2304,2022-10-07,CUST-481,Jonathan Phillips,Corporate,West,South Ashleyburgh,Electronics,Accessories,Accessories Model-13,Express,9,0.2,4895.28,701.47
ORD-2305,2022-08-22,CUST-564,Lori Wagner,Home Office,East,New Brendashire,Furniture,Shelves,Shelves Model-26,Express,18,0.0,1919.3,1957.21
ORD-2306,2023-02-07,CUST-280,Bryan Lee,Consumer,East,Richardsonstad,Office Supplies,Paper,Paper Model-26,Express,7,0.5,1806.93,1125.71
ORD-2307,2022-04-20,CUST-258,Jeffery Hughes,Home Office,North,Hardytown,Office Supplies,Binders,Binders Model-43,Standard,8,0.0,222.1,1146.57
ORD-2308,2023-09-08,CUST-268,Daniel Snow,Corporate,West,Krauseburgh,Clothing,Shirts,Shirts Model-44,Economy,2,0.1,,-256.08
ORD-2309,2022-11-19,CUST-457,Crystal Martin,Consumer,South,Johnshire,Office Supplies,Pens,Pens Model-1,Standard,5,0.1,4089.69,1843.99
ORD-2310,2022-01-11,CUST-515,Sean House,Home Office,North,Port Kenneth,Office Supplies,Paper,Paper Model-6,Same Day,4,0.2,797.96,660.67
ORD-2311,2023-03-27,CUST-116,Shannon Stanley,Corporate,East,Grossstad,Office Supplies,Binders,Binders Model-3,Economy,4,0.3,3172.25,1120.56
ORD-2312,2023-12-27,CUST-429,Marco Daniels,Consumer,South,Frenchstad,Electronics,Tablets,Tablets Model-43,Standard,2,0.0,3718.39,1250.36
ORD-2313,2022-01-13,CUST-160,Lee Vega,Consumer,East,Copelandtown,Furniture,Shelves,Shelves Model-23,Express,2,0.1,1024.28,1763.7
ORD-2314,2022-03-15,CUST-565,Rachel Mercer,Consumer,South,South Davidstad,Office Supplies,Paper,Paper Model-42,Same Day,20,0.5,2718.38,1141.78
ORD-2315,2023-12-04,CUST-285,Amy Phillips,Corporate,North,Lake Jeremy,Furniture,Shelves,Shelves Model-3,Standard,14,0.3,2839.74,36.97
ORD-2316,2023-07-15,CUST-467,Michael Hayes,Corporate,West,Chadchester,Clothing,Accessories,Accessories Model-17,Standard,8,0.3,303.36,957.49
ORD-2317,2023-08-07,CUST-457,Rebecca Wilson,Corporate,South,East Rogerside,Furniture,Tables,Tables Model-2,Standard,13,0.3,4242.91,405.54
ORD-2318,2022-01-09,CUST-524,Michael Harding,Consumer,North,Michaelburgh,Office Supplies,Binders,Binders Model-32,Express,13,0.2,1097.65,1155.63
ORD-2319,2023-07-05,CUST-421,Mrs. Kathryn Acevedo,Consumer,Central,Allisonberg,Electronics,Accessories,Accessories Model-45,Express,8,0.1,1281.31,1038.86
ORD-2320,2023-10-21,CUST-446,Tyler Fischer,Consumer,East,New Jacob,Electronics,Phones,Phones Model-16,Standard,18,0.5,4476.2,670.04
ORD-2321,2022-04-01,CUST-506,Eric Hall,Consumer,Central,East Julia,Furniture,Chairs,Chairs Model-1,Same Day,11,0.3,1926.29,721.37
ORD-2322,2023-08-03,CUST-403,Jeanne Brewer,Home Office,Central,Anthonyshire,Clothing,Shoes,Shoes Model-50,Economy,10,0.1,4304.91,-98.23
ORD-2323,2022-01-09,CUST-289,Steven Lee DDS,Corporate,Central,Brownbury,Clothing,Pants,Pants Model-12,Standard,9,0.3,4424.87,25.37
ORD-2324,2023-04-01,CUST-531,Jerry Miller,Consumer,South,Richardville,Furniture,Chairs,Chairs Model-46,Standard,6,0.1,581.53,1542.65
ORD-2325,2022-12-28,CUST-163,Joshua Franco,Home Office,Central,Gordonbury,Furniture,Chairs,Chairs Model-32,Standard,12,0.5,4535.45,906.2
ORD-2326,2023-07-03,CUST-141,Kyle Johnson,Home Office,Central,Isaiahchester,Clothing,Pants,Pants Model-21,Economy,16,0.1,1863.43,965.55
ORD-2327,2022-12-14,CUST-491,Amanda Morales,Home Office,Central,East Nathaniel,Electronics,Phones,Phones Model-14,Standard,18,0.3,4586.67,801.13
ORD-2328,2023-06-06,CUST-259,Tiffany Morales,Consumer,North,North Michaelport,Clothing,Pants,Pants Model-33,Express,6,0.3,1387.79,1911.32
ORD-2329,2023-10-03,CUST-169,Tracy Fields,Home Office,South,East Karen,Office Supplies,Pens,Pens Model-4,Same Day,3,0.2,4633.84,1952.58
ORD-2330,2022-03-09,CUST-284,Johnny Martinez,Home Office,Central,Matthewchester,Furniture,Chairs,Chairs Model-46,Express,1,0.1,2113.09,1893.02
ORD-2331,2022-10-11,CUST-212,Stacey Watkins,Consumer,South,Michaelmouth,Furniture,Chairs,Chairs Model-46,Economy,16,0.2,4686.15,1300.52
ORD-2332,2022-07-18,CUST-166,Heather Rogers,Home Office,North,Lawsonview,Furniture,Shelves,Shelves Model-27,Same Day,2,0.3,216.73,1486.75
ORD-2333,2023-09-02,CUST-333,Michelle Miller,Corporate,East,Port Jeremy,Electronics,Tablets,Tablets Model-26,Standard,20,0.5,1161.74,1604.81
ORD-2334,2023-03-02,CUST-600,,Home Office,North,West Christystad,Furniture,Chairs,Chairs Model-31,Same Day,13,0.5,3416.35,1569.8
ORD-2335,2022-01-30,CUST-479,Lawrence Mitchell,Home Office,East,Staffordport,Furniture,Chairs,Chairs Model-5,Economy,13,0.1,1325.72,1636.94
ORD-2336,2023-05-14,CUST-307,Kenneth Anderson,Home Office,East,Murrayborough,Electronics,Accessories,Accessories Model-27,Economy,15,0.0,79.82,-171.48
ORD-2337,2023-01-06,CUST-246,Joanne Flores,Corporate,East,Kennethton,Electronics,Accessories,Accessories Model-42,Standard,15,0.3,1814.74,397.35
ORD-2338,2023-08-05,CUST-431,Robert Riley,Home Office,West,West Dennis,Furniture,Tables,Tables Model-11,Economy,7,0.1,2089.99,-280.37
ORD-2339,2022-10-30,CUST-502,Amanda Curtis,Corporate,South,East Michaelborough,Electronics,Phones,Phones Model-48,Same Day,18,0.2,4843.6,288.17
ORD-2340,2023-09-01,CUST-478,Kari Peterson,Home Office,West,Kylefurt,Electronics,Accessories,Accessories Model-10,Express,10,0.0,4752.35,1120.71
ORD-2341,2023-07-28,CUST-168,Erika Aguirre,Home Office,East,New Jeremyfort,Furniture,Tables,Tables Model-30,Express,12,0.0,1700.79,250.67
ORD-2342,2023-12-08,CUST-527,Mitchell Brown,Corporate,Central,Haynesmouth,Furniture,Chairs,Chairs Model-32,Economy,1,0.2,1212.02,-119.02
ORD-2343,2023-05-27,CUST-400,Jeremy Arnold,Home Office,East,Calebfort,Clothing,Shoes,Shoes Model-47,Same Day,7,0.2,1660.82,743.12
ORD-2344,2023-01-31,CUST-357,John Nunez,Corporate,North,Smithmouth,Office Supplies,Envelopes,Envelopes Model-28,Express,9,0.1,4656.65,1067.69
ORD-2345,2023-09-26,CUST-144,Julie Holt,Corporate,South,Louisfort,Electronics,Tablets,Tablets Model-49,Economy,20,0.1,4586.15,404.6
ORD-2346,2023-04-03,CUST-222,Christine Hancock,Consumer,West,Jeffreyfurt,Clothing,Shoes,Shoes Model-18,Express,8,0.2,916.8,1662.93
ORD-2347,2022-05-06,CUST-441,Michelle Hughes,Corporate,Central,Jamieburgh,Furniture,Desks,Desks Model-38,Express,8,0.1,4666.29,357.61
ORD-2348,2022-08-07,CUST-390,Bryan Anderson,Corporate,south,Emilybury,Office Supplies,Binders,Binders Model-43,Economy,8,0.0,3594.79,-171.58
ORD-2349,2023-06-28,CUST-172,Adrian James,Consumer,North,Copelandville,Electronics,Accessories,Accessories Model-24,Economy,3,0.5,4111.54,1815.43
ORD-2350,2023-03-20,CUST-335,Megan Ramos,Corporate,East,New Javierville,Office Supplies,Pens,Pens Model-44,Economy,2,0.0,4447.01,862.62
ORD-2351,2022-12-16,CUST-213,Mark Jones,Corporate,West,West Kevinview,Electronics,Accessories,Accessories Model-29,Express,19,0.3,4377.81,1586.82
ORD-2352,2022-04-25,CUST-523,,Consumer,East,Lake Deanna,Clothing,Shirts,Shirts Model-10,Economy,18,0.0,1400.5,-157.53
ORD-2353,2022-01-26,CUST-449,Crystal Boyd,Consumer,South,North Nancy,Electronics,Phones,Phones Model-5,Same Day,6,0.2,4604.67,812.84
ORD-2354,2023-09-11,CUST-454,Brittany Smith,Consumer,South,West Patrick,Clothing,Shirts,Shirts Model-49,Economy,17,0.0,1512.61,1925.62
ORD-2355,2023-01-23,CUST-178,Eric Mcintosh,Home Office,West,Lake Shelley,Electronics,Laptops,Laptops Model-12,Standard,20,0.1,3115.95,507.45
ORD-2356,2022-05-11,CUST-280,Robert Miller,Home Office,South,Morganshire,Furniture,Shelves,Shelves Model-16,Express,6,0.1,3598.49,1922.63
ORD-2357,2022-01-02,CUST-453,Dustin Hernandez,Home Office,South,Dyerton,Furniture,Tables,Tables Model-23,Express,5,0.1,1443.77,1661.59
ORD-2358,2023-02-11,CUST-599,Mark Schultz,Corporate,North,Murraytown,Electronics,Accessories,Accessories Model-33,Express,13,0.5,467.27,-187.4
ORD-2359,2023-01-26,CUST-163,Bryan Wong,Consumer,West,Barbarachester,Furniture,Tables,Tables Model-7,Same Day,18,0.1,202.49,-267.43
ORD-2360,2023-05-20,CUST-322,Adam Diaz,Home Office,East,West Daniel,Furniture,Chairs,Chairs Model-35,Same Day,13,0.3,3334.44,1636.17
ORD-2361,2022-08-10,CUST-172,James Gordon,Consumer,Central,New Brandy,Furniture,Tables,Tables Model-2,Standard,20,0.2,4910.94,1959.68
ORD-2362,2022-07-02,CUST-129,Erica Campbell,Corporate,South,Smithstad,Furniture,Tables,Tables Model-40,Same Day,7,0.2,3673.92,513.6
ORD-2363,2022-03-10,CUST-128,Alexandra Collins,Corporate,West,Rodriguezville,Clothing,Pants,Pants Model-44,Economy,9,0.0,,-36.1
ORD-2364,2022-05-05,CUST-106,Lauren Franklin,Home Office,North,Rogerfort,Furniture,Shelves,Shelves Model-15,Economy,6,0.3,3269.47,445.11
ORD-2365,2023-08-08,CUST-287,Melissa Cox,Corporate,North,Hansenfurt,Clothing,Pants,Pants Model-21,Same Day,16,0.0,4142.58,789.11
ORD-2366,2023-01-13,CUST-237,Anthony Conley,Consumer,North,South Michelebury,Furniture,Chairs,Chairs Model-37,Same Day,11,0.3,441.52,1947.91
ORD-2367,2023-08-29,CUST-283,George Hamilton,Consumer,North,Lake Shelly,Clothing,Pants,Pants Model-31,Standard,5,0.0,1611.99,958.38
ORD-2368,2023-09-30,CUST-169,Katelyn Alexander,Home Office,North,Johnsonfort,Electronics,Phones,Phones Model-10,Same Day,3,0.1,4335.72,841.1
ORD-2369,2023-06-29,CUST-118,Samuel Parker,Home Office,Central,Stephenton,Clothing,Accessories,Accessories Model-31,Express,3,0.1,2836.98,743.98
ORD-2370,2023-03-25,CUST-114,Sarah Garcia,Corporate,East,Watsonview,Furniture,Tables,Tables Model-45,Economy,18,0.3,3263.65,1252.39
ORD-2371,2022-04-29,CUST-295,Danielle Stewart,Corporate,East,Darrellborough,Office Supplies,Pens,Pens Model-13,Standard,17,0.5,3017.06,1148.92
ORD-2372,2022-05-04,CUST-112,Carly Miller,Corporate,West,West Makaylachester,Electronics,Laptops,Laptops Model-25,Same Day,10,0.5,2934.61,509.54
ORD-2373,2022-01-02,CUST-337,April Stevenson,Corporate,East,Mollyshire,Electronics,Phones,Phones Model-20,Economy,16,0.3,710.0,1926.79
ORD-2374,2023-03-06,CUST-277,Carrie Lester,Corporate,North,Brandonborough,Office Supplies,Paper,Paper Model-17,Same Day,2,0.0,4082.92,587.01
ORD-2375,2022-02-08,CUST-239,Victoria Underwood,Home Office,West,West Sarah,Clothing,Pants,Pants Model-40,Express,15,0.3,2948.43,588.08
ORD-2376,2023-08-06,CUST-205,Wanda Hodge,Consumer,East,Cardenasview,Office Supplies,Pens,Pens Model-38,Economy,1,0.1,3482.77,212.3
ORD-2377,2023-11-22,CUST-140,Virginia Fields,Corporate,Central,Lake Nicholasfort,Clothing,Accessories,Accessories Model-19,Same Day,20,0.3,1039.79,389.33
ORD-2378,2022-12-05,CUST-582,Ronald Richardson,Corporate,South,North Frank,Furniture,Shelves,Shelves Model-20,Same Day,3,0.2,3771.06,1711.72
ORD-2379,2023-12-24,CUST-396,,Corporate,East,Fernandezmouth,Furniture,Tables,Tables Model-15,Same Day,14,0.2,4724.3,294.5
ORD-2380,2022-08-18,CUST-315,Stephanie Wilson,Consumer,Central,Elizabethmouth,Furniture,Tables,Tables Model-47,Economy,7,0.5,248.24,454.83
ORD-2381,2022-09-13,CUST-557,Jennifer Short,Home Office,West,Vickistad,Office Supplies,Paper,Paper Model-9,Standard,6,0.0,796.89,1924.88
ORD-2382,2022-07-17,CUST-311,Sheila Tate,Corporate,East,Port Cathychester,Office Supplies,Binders,Binders Model-31,Express,5,0.0,1442.46,1332.44
ORD-2383,2023-01-26,CUST-412,Steve Bruce,Consumer,Central,East Alexburgh,Clothing,Shoes,Shoes Model-4,Standard,5,0.2,4645.21,41.28
ORD-2384,2023-02-07,CUST-404,Mark Torres,Corporate,South,Adamton,Clothing,Shoes,Shoes Model-22,Same Day,16,0.0,4322.95,916.16
ORD-2385,2022-09-25,CUST-196,Brenda Powell,Corporate,East,East Paulborough,Furniture,Chairs,Chairs Model-26,Economy,8,0.0,3532.02,970.87
ORD-2386,2022-10-31,CUST-308,Renee Shaw,Consumer,South,Kimberlyview,Electronics,Laptops,Laptops Model-3,Express,7,0.2,4452.34,138.14
ORD-2387,2022-11-05,CUST-396,,Corporate,Central,Port Ryanshire,Electronics,Phones,Phones Model-48,Economy,18,0.0,1167.63,736.75
ORD-2388,2023-08-06,CUST-398,Amanda Washington,Consumer,South,Reidland,Office Supplies,Pens,Pens Model-42,Standard,16,0.3,4303.17,577.29
ORD-2389,2022-08-01,CUST-216,Mary Perry,Home Office,East,North Russell,Electronics,Tablets,Tablets Model-4,Express,6,0.5,4208.95,-165.58
ORD-2390,2022-12-11,CUST-488,Dorothy Figueroa,Consumer,South,South Jacqueline,Furniture,Desks,Desks Model-13,Express,17,0.1,3651.87,1433.95
ORD-2391,2023-02-15,CUST-204,April Reyes,Consumer,South,East Daniel,Furniture,Shelves,Shelves Model-2,Express,7,0.2,2872.35,-52.04
ORD-2392,2023-04-13,CUST-324,Miranda Sparks,Corporate,South,Rodgersborough,Electronics,Accessories,Accessories Model-50,Economy,20,0.5,1832.35,1576.31
ORD-2393,2022-10-12,CUST-140,Darryl Taylor,Consumer,South,West Lawrence,Electronics,Laptops,Laptops Model-48,Same Day,16,0.1,3212.36,184.4
ORD-2394,2022-05-11,CUST-584,Shawn Sweeney,Home Office,North,Williammouth,Furniture,Chairs,Chairs Model-6,Economy,6,0.1,2705.52,754.44
ORD-2395,2023-03-26,CUST-569,Kimberly Thomas,Corporate,Central,Evansstad,Office Supplies,Paper,Paper Model-30,Standard,16,0.3,4073.48,1361.09
ORD-2396,2022-02-21,CUST-216,Richard Johnson,Home Office,West,Hayeschester,Furniture,Shelves,Shelves Model-10,Economy,5,0.2,1937.72,1171.58
ORD-2397,2023-08-22,CUST-301,Laura Clark,Home Office,East,Stacystad,Office Supplies,Paper,Paper Model-46,Same Day,17,0.1,3911.89,489.46
ORD-2398,2022-07-10,CUST-124,Raymond Ramirez,Consumer,Central,Alvaradoton,Clothing,Shirts,Shirts Model-30,Standard,8,0.2,507.65,-105.57
ORD-2399,2023-04-11,CUST-348,Peter Ryan,Corporate,North,West Earl,Electronics,Phones,Phones Model-41,Express,20,0.1,4276.74,1684.79
ORD-2400,2022-07-02,CUST-559,Dustin Hines,Consumer,West,West Carolynton,Office Supplies,Binders,Binders Model-7,Express,6,0.1,2994.91,1391.0
ORD-2401,2023-07-25,CUST-284,Andrea Bean,Corporate,South,East David,Furniture,Tables,Tables Model-10,Standard,13,0.1,2277.47,76.16
ORD-2402,2022-07-19,CUST-376,Rodney Li,Consumer,South,Port Stacy,Clothing,Pants,Pants Model-19,Same Day,10,0.3,3702.79,-296.53
ORD-2403,2022-01-13,CUST-185,Leslie Malone,Consumer,East,Scottburgh,Clothing,Shoes,Shoes Model-40,Economy,17,0.2,1362.1,-252.14
ORD-2404,2022-09-21,CUST-303,Terry Underwood,Corporate,South,South Lauren,Clothing,Accessories,Accessories Model-11,Same Day,14,0.1,3123.33,1778.68
ORD-2405,2022-06-13,CUST-108,Kyle Davis,Corporate,North,Wardberg,Office Supplies,Pens,Pens Model-26,Same Day,18,0.0,4561.12,1004.65
ORD-2406,2022-06-04,CUST-265,Gloria Rogers,Corporate,South,Millerburgh,Office Supplies,Pens,Pens Model-3,Express,19,0.2,2966.72,-30.84
ORD-2407,2022-09-08,CUST-178,Evan Clark,Home Office,West,Lake Elizabeth,Furniture,Desks,Desks Model-12,Same Day,6,0.0,2321.73,1356.46
ORD-2408,2022-04-10,CUST-214,Kimberly Myers,Home Office,Central,West Thomas,Electronics,Tablets,Tablets Model-49,Standard,2,0.2,980.71,1364.86
ORD-2409,2023-10-20,CUST-148,Richard Johnson,Consumer,North,Hannaville,Furniture,Chairs,Chairs Model-24,Same Day,17,0.0,427.7,1656.16
ORD-2410,2023-02-16,CUST-490,Amy Hines DDS,Home Office,North,South Joseph,Clothing,Accessories,Accessories Model-34,Same Day,9,0.5,1496.79,-280.6
ORD-2411,2022-02-13,CUST-575,Julian Arroyo,Home Office,West,Michaelchester,Furniture,Chairs,Chairs Model-29,Economy,8,0.2,3975.12,108.62
ORD-2412,2023-02-13,CUST-160,Eric Franklin,Home Office,West,North Samanthatown,Clothing,Shoes,Shoes Model-47,Express,7,0.2,3747.18,1482.66
ORD-2413,2022-07-03,CUST-256,Robert Allison,Home Office,North,North Cindy,Clothing,Pants,Pants Model-3,Same Day,6,0.5,384.77,120.95
ORD-2414,2023-06-08,CUST-541,David Gonzalez,Home Office,North,East Sonyaton,Office Supplies,Envelopes,Envelopes Model-6,Economy,20,0.3,4586.01,1007.21
ORD-2415,2023-10-30,CUST-156,Sydney Welch,Home Office,Central,Lake Robertside,Office Supplies,Paper,Paper Model-2,Standard,8,0.3,,1306.11
ORD-2416,2022-03-05,CUST-482,Andrew Jacobs,Consumer,Central,New Craig,Furniture,Chairs,Chairs Model-22,Express,18,0.3,36.86,1853.37
ORD-2417,2022-07-03,CUST-560,Peggy Ochoa DDS,Consumer,Central,Danielside,Electronics,Tablets,Tablets Model-46,Standard,12,0.5,1358.06,1738.48
ORD-2418,2022-03-03,CUST-321,Aaron Sandoval,Consumer,West,Hannahport,Furniture,Chairs,Chairs Model-49,Economy,8,0.1,2261.0,928.16
ORD-2419,2022-08-08,CUST-482,Daniel Simmons,Consumer,Central,Baileyshire,Clothing,Pants,Pants Model-22,Standard,18,0.3,4074.64,637.27
ORD-2420,2022-01-01,CUST-439,Lisa Lopez,Home Office,South,Port Amber,Office Supplies,Paper,Paper Model-13,Express,20,0.1,4866.01,136.71
ORD-2421,2022-07-11,CUST-538,Sarah Harris,Consumer,Central,North Elizabethstad,Furniture,Shelves,Shelves Model-31,Same Day,1,0.3,2310.82,1080.2
ORD-2422,2023-10-07,CUST-185,Cynthia Dunn,Consumer,Central,East Ericside,Electronics,Accessories,Accessories Model-34,Standard,9,0.1,3619.52,1598.7
ORD-2423,2022-04-30,CUST-156,Brian Romero,Corporate,Central,Rachelton,Clothing,Accessories,Accessories Model-27,Express,18,0.2,2308.62,857.29
ORD-2424,2023-12-20,CUST-588,John Watson,Corporate,Central,Jenniferchester,Electronics,Laptops,Laptops Model-25,Express,20,0.2,1960.04,547.87
ORD-2425,2023-09-24,CUST-587,Gary Carlson,Consumer,east,Aliciashire,Furniture,Shelves,Shelves Model-21,Express,20,0.2,2541.08,1000.66
ORD-2426,2022-05-20,CUST-327,Shelly Johnson,Corporate,West,New Robert,Clothing,Shoes,Shoes Model-10,Economy,14,0.5,2900.86,1098.01
ORD-2427,2022-01-23,CUST-404,Donna Brown,Corporate,East,Lake Donnaside,Clothing,Accessories,Accessories Model-44,Economy,9,0.5,2816.55,972.47
ORD-2428,2022-03-19,CUST-411,Scott Robbins,Home Office,East,Mariaville,Clothing,Shoes,Shoes Model-8,Economy,15,0.1,4768.51,145.14
ORD-2429,2023-02-13,CUST-373,Christopher Garcia,Consumer,West,Simonfurt,Office Supplies,Pens,Pens Model-19,Standard,9,0.2,3668.05,933.8
ORD-2430,2022-12-01,CUST-554,Brandy Williams,Consumer,South,Amyburgh,Clothing,Shirts,Shirts Model-26,Express,15,0.0,4824.61,-27.98
ORD-2431,2023-07-12,CUST-229,Timothy Larsen,Corporate,Central,Port Bruce,Electronics,Phones,Phones Model-7,Express,1,0.5,903.92,929.67
ORD-2432,2023-05-10,CUST-382,Michael Potter,Consumer,Central,Mcdonaldmouth,Electronics,Tablets,Tablets Model-39,Economy,9,0.0,1532.56,1574.05
ORD-2433,2023-04-03,CUST-124,Jessica Sanders DVM,Consumer,South,Sheltonburgh,Electronics,Laptops,Laptops Model-3,Same Day,13,0.3,3943.63,1804.96
ORD-2434,2022-01-18,CUST-298,Rachel Reese,Corporate,North,Nancyburgh,Office Supplies,Pens,Pens Model-36,Same Day,19,0.1,4556.69,1885.73
ORD-2435,2023-04-05,CUST-345,Patricia Williams,Home Office,North,New Austinland,Office Supplies,Envelopes,Envelopes Model-42,Standard,17,0.3,2851.72,856.1
ORD-2436,2023-10-09,CUST-554,Mikayla Sullivan,Home Office,North,South Luke,Electronics,Phones,Phones Model-4,Express,9,0.2,3753.1,683.77
ORD-2437,2023-05-11,CUST-316,Shirley Kim,Home Office,West,Gallowayberg,Electronics,Accessories,Accessories Model-24,Express,10,0.0,1378.55,488.77
ORD-2438,2023-09-18,CUST-170,Jocelyn Schneider,Corporate,West,Choibury,Office Supplies,Binders,Binders Model-50,Express,6,0.1,,1706.16
ORD-2439,2022-01-31,CUST-561,Richard Cain,Corporate,East,Williamborough,Office Supplies,Envelopes,Envelopes Model-35,Same Day,11,0.2,1300.51,406.8
ORD-2440,2023-07-02,CUST-525,Crystal Miranda,Consumer,South,East Stephenburgh,Electronics,Laptops,Laptops Model-19,Same Day,12,0.1,1133.87,-285.95
ORD-2441,2022-09-13,CUST-584,Megan Barnes,Consumer,North,Luceroport,Electronics,Phones,Phones Model-46,Economy,8,0.1,1977.99,1214.35
ORD-2442,2023-09-25,CUST-445,James Smith,Corporate,Central,New Brianna,Office Supplies,Pens,Pens Model-21,Express,6,0.5,1739.06,438.27
ORD-2443,2022-04-14,CUST-267,Kayla Allen,Corporate,East,Port Codyborough,Furniture,Shelves,Shelves Model-40,Standard,15,0.0,2036.34,1948.25
ORD-2444,2022-11-12,CUST-332,Michelle Flores,Corporate,East,New Anthony,Electronics,Tablets,Tablets Model-31,Express,12,0.1,3000.44,294.15
ORD-2445,2023-04-18,CUST-459,Karen Malone,Home Office,West,North Colinport,Office Supplies,Paper,Paper Model-13,Same Day,10,0.5,604.22,1035.34
ORD-2446,2022-07-19,CUST-142,Russell Hill,Consumer,South,South Matthew,Electronics,Laptops,Laptops Model-16,Express,14,0.0,632.81,200.88
ORD-2447,2022-06-28,CUST-104,Anna Hendrix,Corporate,Central,Danielburgh,Electronics,Tablets,Tablets Model-28,Express,11,0.0,2404.8,793.0
ORD-2448,2023-11-08,CUST-215,Colton Howard,Corporate,Central,Michaelshire,Clothing,Shoes,Shoes Model-4,Standard,17,0.5,1071.41,453.11
ORD-2449,2022-10-13,CUST-476,Andrew Wang,Corporate,West,Lake Jessica,Furniture,Shelves,Shelves Model-48,Economy,6,0.5,4348.09,842.1
ORD-2450,2022-08-03,CUST-409,Mark Kramer,Home Office,East,Port Julie,Office Supplies,Pens,Pens Model-25,Economy,9,0.2,4070.03,14.07
ORD-2451,2022-04-25,CUST-274,Zachary Mitchell,Corporate,South,West Codyberg,Electronics,Phones,Phones Model-37,Standard,18,0.1,250.64,1069.83
ORD-2452,2023-07-08,CUST-248,Jessica Li,Corporate,South,West Andrew,Electronics,Phones,Phones Model-42,Same Day,13,0.2,2976.31,1226.21
ORD-2453,2023-03-25,CUST-289,Eileen Davenport,Corporate,East,West Kimberly,Clothing,Shoes,Shoes Model-41,Same Day,17,0.1,861.78,1794.93
ORD-2454,2022-05-27,CUST-336,Audrey Carter,Home Office,Central,South Williamfurt,Electronics,Laptops,Laptops Model-39,Standard,5,0.2,366.57,1413.94
ORD-2455,2023-04-19,CUST-397,Curtis Chaney,Home Office,East,Carpenterview,Clothing,Shirts,Shirts Model-17,Same Day,4,0.2,81.8,454.78
ORD-2456,2023-06-20,CUST-211,Jill Friedman,Home Office,North,Ericberg,Furniture,Desks,Desks Model-14,Same Day,14,0.5,533.01,119.12
ORD-2457,2022-10-09,CUST-105,Kendra White,Consumer,Central,East Carolyn,Clothing,Shirts,Shirts Model-43,Express,4,0.3,4726.85,474.09
ORD-2458,2023-08-23,CUST-291,Cindy Jenkins,Consumer,East,Fryemouth,Clothing,Accessories,Accessories Model-48,Standard,15,0.0,1046.55,1593.16
ORD-2459,2022-05-05,CUST-399,Cheryl Wong,Consumer,North,Carolberg,Clothing,Shirts,Shirts Model-16,Express,19,0.3,618.08,254.6
ORD-2460,2023-03-13,CUST-371,Kristen Paul,Corporate,Central,Jesusstad,Electronics,Laptops,Laptops Model-7,Standard,2,0.2,220.89,-164.14
ORD-2461,2023-02-15,CUST-456,Yolanda Richards,Home Office,West,Annborough,Clothing,Pants,Pants Model-14,Economy,13,0.1,357.7,489.48
ORD-2462,2022-08-03,CUST-130,Michael Rogers,Home Office,North,West Robertland,Clothing,Pants,Pants Model-41,Same Day,18,0.2,1772.62,1536.5
ORD-2463,2023-01-11,CUST-440,Danny Williamson,Consumer,North,Michellestad,Clothing,Shirts,Shirts Model-42,Same Day,13,0.3,3168.02,371.37
ORD-2464,2022-04-14,CUST-589,Russell Walker,Home Office,Central,East Lindafort,Office Supplies,Paper,Paper Model-3,Express,17,0.1,1905.36,266.03
ORD-2465,2023-10-28,CUST-568,Becky Yoder,Consumer,East,Lindaland,Furniture,Desks,Desks Model-12,Standard,13,0.2,1897.27,-289.22
ORD-2466,2022-04-18,CUST-590,,Corporate,South,Cartermouth,Electronics,Phones,Phones Model-22,Same Day,14,0.2,3121.02,1302.11
ORD-2467,2022-05-19,CUST-235,Stephen White,Consumer,West,Chadton,Furniture,Chairs,Chairs Model-27,Express,14,0.1,2457.17,192.18
ORD-2468,2023-04-10,CUST-217,Joyce Miller,Home Office,East,Johnport,Office Supplies,Binders,Binders Model-14,Standard,19,0.3,589.14,1436.45
ORD-2469,2023-08-07,CUST-490,Shelly Smith,Corporate,Central,Caseton,Office Supplies,Paper,Paper Model-33,Economy,9,0.2,876.77,863.01
ORD-2470,2023-07-05,CUST-533,Brittany Roberts,Corporate,North,Wilcoxstad,Furniture,Shelves,Shelves Model-30,Same Day,7,0.0,3745.6,743.45
ORD-2471,2023-01-28,CUST-497,Robert Erickson,Home Office,North,Kristenview,Electronics,Phones,Phones Model-13,Same Day,7,0.5,4197.33,1587.75
ORD-2472,2023-07-16,CUST-283,Jordan Lara,Home Office,south,West Lindachester,Clothing,Pants,Pants Model-47,Express,7,0.3,2354.77,1199.37
ORD-2473,2022-08-27,CUST-418,Heather Fuller,Consumer,East,Lake Sarah,Office Supplies,Paper,Paper Model-13,Economy,1,0.1,3590.13,1091.6
ORD-2474,2022-09-26,CUST-541,Heather Pearson,Consumer,North,Lawsonview,Furniture,Chairs,Chairs Model-40,Standard,12,0.3,,1648.98
ORD-2475,2022-02-27,CUST-402,Caitlin Thompson,Home Office,East,Port Emilybury,Electronics,Phones,Phones Model-7,Express,6,0.2,3539.31,837.92
ORD-2476,2023-09-29,CUST-150,,Home Office,South,Leeshire,Electronics,Phones,Phones Model-10,Same Day,18,0.3,2418.78,1117.09
ORD-2477,2022-09-19,CUST-204,Danielle David,Consumer,south,East Markmouth,Furniture,Desks,Desks Model-24,Standard,16,0.2,4329.1,1020.97
ORD-2478,2023-03-06,CUST-418,Eric Garner,Consumer,North,Rodriguezland,Furniture,Tables,Tables Model-13,Same Day,13,0.5,507.4,927.21
ORD-2479,2022-06-02,CUST-434,Chad Herrera,Consumer,North,West William,Clothing,Shirts,Shirts Model-10,Standard,2,0.5,2735.32,731.9
ORD-2480,2022-03-13,CUST-590,James Baker,Home Office,Central,East Ashley,Clothing,Pants,Pants Model-2,Standard,11,0.3,2860.49,152.17
ORD-2481,2022-05-20,CUST-594,Jesus Jacobs,Consumer,North,West Gary,Clothing,Pants,Pants Model-30,Express,20,0.3,1674.36,1535.27
ORD-2482,2022-06-14,CUST-516,Dave Saunders,Corporate,Central,Lake Andrefurt,Clothing,Pants,Pants Model-3,Economy,3,0.3,476.69,169.65
ORD-2483,2023-12-28,CUST-505,Barbara Evans,Consumer,West,Snyderville,Office Supplies,Binders,Binders Model-8,Express,18,0.0,,1410.01
ORD-2484,2022-02-25,CUST-215,Kendra Morgan MD,Corporate,East,Garciafurt,Furniture,Desks,Desks Model-9,Express,12,0.1,4916.42,32.81
ORD-2485,2023-08-25,CUST-588,Denise Buckley,Home Office,North,Lake Elizabeth,Furniture,Tables,Tables Model-38,Same Day,10,0.3,1356.69,-110.75
ORD-2486,2023-11-22,CUST-280,Sheryl Butler,Corporate,North,New Hector,Electronics,Laptops,Laptops Model-15,Express,16,0.3,921.33,1175.57
ORD-2487,2022-10-04,CUST-283,Seth Martinez,Home Office,Central,West Melissa,Electronics,Laptops,Laptops Model-23,Standard,13,0.0,4740.61,1602.47
ORD-2488,2022-06-24,CUST-307,Alexander Martin,Home Office,East,East Feliciafurt,Office Supplies,Paper,Paper Model-47,Economy,9,0.3,4029.06,943.13
ORD-2489,2022-08-08,CUST-564,Ronald Wagner,Consumer,Central,East Anthony,Clothing,Pants,Pants Model-34,Same Day,10,0.3,2323.41,1997.99
ORD-2490,2023-08-09,CUST-533,Chelsea Armstrong,Home Office,South,Port Billyland,Electronics,Phones,Phones Model-6,Economy,10,0.0,172.32,370.62
ORD-2491,2023-09-15,CUST-526,Joseph Cox,Consumer,East,Laurafurt,Furniture,Desks,Desks Model-15,Same Day,18,0.2,4810.12,1138.25
ORD-2492,2022-05-01,CUST-310,Angela Watson,Corporate,East,North Nathanberg,Electronics,Laptops,Laptops Model-28,Express,5,0.0,1127.77,1920.57
ORD-2493,2022-01-15,CUST-549,Chelsea Johnson,Consumer,South,Martinbury,Clothing,Pants,Pants Model-1,Standard,1,0.0,1802.81,456.36
ORD-2494,2022-09-03,CUST-101,Anna Vasquez,Home Office,Central,Johnsmouth,Clothing,Accessories,Accessories Model-37,Standard,4,0.2,2972.78,1108.03
ORD-2495,2023-08-05,CUST-520,Jennifer Bradshaw,Consumer,South,West Raymond,Electronics,Accessories,Accessories Model-44,Economy,7,0.3,3767.31,1143.88
ORD-2496,2023-02-02,CUST-272,Kenneth Cruz,Corporate,Central,Lake Maryberg,Clothing,Shirts,Shirts Model-6,Economy,16,0.2,54.44,1528.86
ORD-2497,2022-09-13,CUST-470,Renee Sellers,Consumer,West,Stoutland,Office Supplies,Pens,Pens Model-6,Standard,17,0.0,2178.46,1747.73
ORD-2498,2022-12-04,CUST-592,Isabel Thompson,Corporate,South,Mccoyberg,Office Supplies,Binders,Binders Model-2,Express,9,0.0,2511.23,1446.23
ORD-2499,2023-02-25,CUST-583,Heather Crawford,Home Office,Central,Lake Randy,Office Supplies,Envelopes,Envelopes Model-39,Same Day,10,0.5,159.56,439.8
ORD-2500,2022-02-24,CUST-236,Michael Estrada,Home Office,North,West Christopher,Clothing,Pants,Pants Model-9,Standard,17,0.1,486.5,966.23
ORD-2501,2022-06-02,CUST-117,Kristen Olson,Home Office,East,Port Victoriastad,Office Supplies,Paper,Paper Model-33,Standard,16,0.2,4805.25,599.49
ORD-2502,2023-02-26,CUST-213,Arthur Oneal,Corporate,West,West Heather,Office Supplies,Pens,Pens Model-2,Standard,10,0.0,1564.75,1887.38
ORD-2503,2022-04-20,CUST-580,,Consumer,South,East Logan,Furniture,Shelves,Shelves Model-41,Same Day,12,0.5,2749.27,1279.22
ORD-2504,2022-03-04,CUST-128,Corey Clay,Corporate,West,West Thomas,Electronics,Phones,Phones Model-27,Standard,2,0.0,2328.59,97.65
ORD-2505,2022-04-02,CUST-189,Michelle Burke,Consumer,South,Lake Peterborough,Electronics,Phones,Phones Model-37,Economy,3,0.2,,1414.97
ORD-2506,2023-05-25,CUST-266,Antonio Oneal,Consumer,East,South Rebeccastad,Office Supplies,Paper,Paper Model-20,Economy,2,0.2,3679.79,701.02
ORD-2507,2023-10-12,CUST-112,Michael Love,Consumer,Central,Audreymouth,Clothing,Pants,Pants Model-6,Same Day,8,0.0,1506.23,1598.0
ORD-2508,2023-05-19,CUST-279,Brian Ramos,Home Office,West,Cobbstad,Furniture,Shelves,Shelves Model-6,Economy,14,0.5,4228.27,296.79
ORD-2509,2023-11-16,CUST-101,Katherine Orozco,Home Office,West,Stevensonchester,Furniture,Desks,Desks Model-27,Economy,12,0.3,4764.04,606.75
ORD-2510,2023-02-23,CUST-538,Nicholas Turner,Corporate,Central,Perezbury,Electronics,Accessories,Accessories Model-19,Economy,15,0.0,4262.98,716.6
ORD-2511,2022-02-07,CUST-512,Jeremy Turner,Home Office,East,Martinezshire,Office Supplies,Paper,Paper Model-33,Economy,10,0.1,2069.78,1845.09
ORD-2512,2022-02-24,CUST-478,Riley Roman,Corporate,Central,Christyview,Furniture,Shelves,Shelves Model-10,Standard,5,0.0,1543.12,664.34
ORD-2513,2023-01-01,CUST-108,Julie Alexander,Corporate,East,Port Daniel,Office Supplies,Pens,Pens Model-19,Standard,4,0.0,1291.32,1507.01
ORD-2514,2023-04-20,CUST-319,Melissa Webb,Consumer,East,South Samantha,Electronics,Laptops,Laptops Model-15,Same Day,19,0.2,1252.9,1671.5
ORD-2515,2023-08-24,CUST-307,Julia Phillips,Corporate,East,Jodiburgh,Electronics,Tablets,Tablets Model-50,Standard,12,0.0,4008.84,934.73
ORD-2516,2022-11-15,CUST-142,Christian Jones,Home Office,South,Lake Linda,Furniture,Shelves,Shelves Model-16,Standard,4,0.3,988.41,1424.43
ORD-2517,2022-09-03,CUST-473,Sarah Oconnell,Home Office,Central,New Emily,Clothing,Shirts,Shirts Model-25,Standard,2,0.1,2488.39,-68.9
ORD-2518,2022-03-24,CUST-580,David Cox,Consumer,South,Lake Daniel,Clothing,Shirts,Shirts Model-20,Economy,4,0.1,456.43,334.85
ORD-2519,2022-02-16,CUST-422,Ruth Martin,Corporate,South,Nicholasbury,Clothing,Accessories,Accessories Model-49,Same Day,20,0.0,3905.56,-58.59
ORD-2520,2023-06-21,CUST-104,Deanna Jackson,Home Office,North,Hansenstad,Office Supplies,Envelopes,Envelopes Model-5,Express,15,0.2,1650.0,538.71
ORD-2521,2022-06-20,CUST-528,Jessica Ellis,Corporate,Central,Lake Derek,Electronics,Accessories,Accessories Model-48,Standard,16,0.1,2794.98,1254.79
ORD-2522,2022-04-25,CUST-114,Ashley Contreras,Home Office,Central,Paulland,Furniture,Desks,Desks Model-8,Economy,5,0.1,4728.01,-56.7
ORD-2523,2023-05-08,CUST-201,Kelly Weiss,Corporate,East,Fryeton,Clothing,Shoes,Shoes Model-15,Standard,15,0.3,2457.15,-22.59
ORD-2524,2023-07-15,CUST-381,Theresa Bowers,Corporate,East,East Christian,Furniture,Shelves,Shelves Model-30,Standard,1,0.1,84.47,1362.43
ORD-2525,2023-02-09,CUST-522,Misty Rodriguez,Consumer,West,Michaeltown,Furniture,Tables,Tables Model-38,Standard,13,0.5,4820.4,73.22
ORD-2526,2023-02-12,CUST-510,Carol Herrera,Corporate,East,South Hailey,Clothing,Shoes,Shoes Model-5,Economy,20,0.0,3335.25,-254.18
ORD-2527,2022-04-02,CUST-529,Isabella Newman,Corporate,East,Port Davidmouth,Office Supplies,Pens,Pens Model-10,Economy,3,0.0,,1392.34
ORD-2528,2022-06-10,CUST-483,Andrew Chan,Home Office,North,Mccoyville,Electronics,Tablets,Tablets Model-40,Express,19,0.1,1417.53,187.33
ORD-2529,2022-01-11,CUST-317,Matthew Stephens,Home Office,North,South Melindaland,Furniture,Chairs,Chairs Model-1,Same Day,8,0.0,1514.12,-53.59
ORD-2530,2023-07-18,CUST-306,Susan Sanchez,Home Office,South,North Becky,Clothing,Shoes,Shoes Model-15,Same Day,8,0.2,4945.92,1306.06
ORD-2531,2023-05-26,CUST-179,Ashley Mann,Corporate,Central,West Matthewshire,Electronics,Tablets,Tablets Model-38,Economy,4,0.2,2108.85,1468.03
ORD-2532,2023-07-14,CUST-564,Kimberly Brown,Corporate,East,Stacychester,Electronics,Laptops,Laptops Model-7,Express,8,0.5,3854.44,1783.42
ORD-2533,2022-09-23,CUST-427,,Consumer,Central,South Jennifer,Office Supplies,Binders,Binders Model-30,Express,8,0.3,782.27,1664.39
ORD-2534,2023-03-09,CUST-118,Samantha Tucker,Corporate,North,Joannastad,Office Supplies,Binders,Binders Model-29,Standard,1,0.3,3868.09,777.7
ORD-2535,2022-09-27,CUST-428,Pamela Newman,Consumer,West,Lake Michaelville,Office Supplies,Envelopes,Envelopes Model-43,Standard,7,0.0,3775.95,805.57
ORD-2536,2023-03-29,CUST-254,,Home Office,East,East Tristan,Electronics,Laptops,Laptops Model-46,Economy,6,0.3,1489.57,-132.34
ORD-2537,2022-06-01,CUST-364,Nancy Campbell,Corporate,North,West Michelle,Clothing,Accessories,Accessories Model-29,Economy,14,0.2,4468.58,127.65
ORD-2538,2023-05-05,CUST-461,Amy Martin,Consumer,East,Conradfurt,Furniture,Tables,Tables Model-14,Economy,16,0.3,4728.52,1677.23
ORD-2539,2023-09-14,CUST-455,Amy Abbott,Consumer,East,New Lorifurt,Clothing,Accessories,Accessories Model-34,Economy,19,0.1,270.07,1760.62
ORD-2540,2022-01-07,CUST-368,Kelly Smith,Home Office,South,East Margaret,Furniture,Shelves,Shelves Model-31,Express,19,0.3,1740.8,-241.58
ORD-2541,2022-09-21,CUST-449,Mary Rocha,Home Office,East,Cainton,Clothing,Accessories,Accessories Model-27,Economy,2,0.3,3884.79,422.82
ORD-2542,2022-09-18,CUST-400,Peter Horton,Home Office,North,Claytonport,Office Supplies,Binders,Binders Model-16,Same Day,5,0.1,802.34,1656.24
ORD-2543,2022-07-31,CUST-189,Sue Miller,Home Office,South,Bryantside,Furniture,Desks,Desks Model-31,Standard,4,0.0,909.51,1324.18
ORD-2544,2023-09-14,CUST-316,Brandon Hess,Consumer,North,Micheleshire,Clothing,Accessories,Accessories Model-50,Same Day,6,0.5,612.25,831.19
ORD-2545,2022-02-03,CUST-527,Lisa Martin,Corporate,Central,Robertfort,Clothing,Pants,Pants Model-1,Express,19,0.1,1880.24,1861.99
ORD-2546,2022-09-30,CUST-353,Joseph Mcclain,Consumer,north,Jeremymouth,Electronics,Phones,Phones Model-28,Standard,3,0.3,930.08,614.3
ORD-2547,2023-02-14,CUST-498,Belinda Hoover,Consumer,East,Lauriechester,Furniture,Chairs,Chairs Model-44,Standard,2,0.2,4620.02,724.99
ORD-2548,2022-09-17,CUST-214,Terry Brown,Consumer,west,Ericfort,Clothing,Pants,Pants Model-11,Same Day,15,0.3,4584.93,566.49
ORD-2549,2023-02-12,CUST-131,James Moreno,Consumer,East,Smithport,Furniture,Chairs,Chairs Model-40,Same Day,4,0.5,3783.6,447.72
ORD-2550,2022-07-04,CUST-558,John Stokes,Home Office,North,North Lauren,Furniture,Desks,Desks Model-25,Express,12,0.0,2709.18,-99.88
ORD-2551,2023-03-17,CUST-430,Sarah Price,Corporate,South,Lake Sandrahaven,Electronics,Laptops,Laptops Model-30,Express,18,0.2,3595.45,740.89
ORD-2552,2023-04-09,CUST-379,Aaron Conway,Corporate,East,Jeanetteland,Office Supplies,Paper,Paper Model-1,Economy,16,0.2,3616.7,863.03
ORD-2553,2023-11-13,CUST-591,Scott Burnett,Consumer,Central,North Susanfort,Electronics,Phones,Phones Model-3,Express,6,0.0,3577.19,-62.45
ORD-2554,2022-10-14,CUST-117,John Meyer,Home Office,South,Lake Thomas,Furniture,Chairs,Chairs Model-12,Express,12,0.1,1302.65,1016.57
ORD-2555,2022-03-10,CUST-563,Katie Little,Home Office,East,South Edward,Furniture,Shelves,Shelves Model-23,Standard,4,0.5,213.28,1562.05
ORD-2556,2022-08-20,CUST-516,David Richardson,Home Office,Central,Simsmouth,Office Supplies,Paper,Paper Model-19,Express,20,0.1,4278.03,1036.06
ORD-2557,2023-02-08,CUST-167,Keith Davis,Consumer,Central,West Raymond,Office Supplies,Pens,Pens Model-2,Same Day,19,0.5,4596.49,1061.82
ORD-2558,2022-04-03,CUST-327,Craig Wilson,Corporate,Central,North Natalie,Office Supplies,Binders,Binders Model-26,Same Day,20,0.5,816.84,1033.51
ORD-2559,2023-02-16,CUST-258,Karen Long,Home Office,East,New Allison,Furniture,Desks,Desks Model-18,Express,3,0.0,998.46,806.58
ORD-2560,2023-04-04,CUST-150,Melissa Gentry,Home Office,South,Anthonyfort,Electronics,Laptops,Laptops Model-12,Economy,15,0.0,1716.07,1967.76
ORD-2561,2023-03-10,CUST-263,Roy Newman,Consumer,Central,New Thomas,Clothing,Pants,Pants Model-41,Economy,9,0.3,4276.3,330.36
ORD-2562,2023-04-05,CUST-102,Kelsey Spencer,Home Office,Central,South Tylerfort,Clothing,Shirts,Shirts Model-11,Same Day,11,0.1,4045.17,225.71
ORD-2563,2023-12-09,CUST-105,Angela Greene,Corporate,North,South Joe,Electronics,Tablets,Tablets Model-18,Express,5,0.0,1159.06,463.29
ORD-2564,2023-05-12,CUST-171,Lauren Miller,Corporate,West,Brentshire,Electronics,Accessories,Accessories Model-39,Express,12,0.2,4587.45,760.29
ORD-2565,2023-10-06,CUST-577,Christina Schwartz,Home Office,North,Grayhaven,Furniture,Shelves,Shelves Model-38,Express,1,0.2,3991.5,439.07
ORD-2566,2023-08-12,CUST-220,Michael Neal,Consumer,Central,South Nancy,Clothing,Accessories,Accessories Model-38,Economy,12,0.0,999.39,180.63
ORD-2567,2023-07-10,CUST-240,Aaron Mckinney,Consumer,Central,West Danielland,Office Supplies,Envelopes,Envelopes Model-22,Same Day,17,0.5,3330.91,1908.08
ORD-2568,2023-12-29,CUST-503,Margaret Holt,Consumer,North,Millerbury,Office Supplies,Envelopes,Envelopes Model-48,Same Day,13,0.3,3970.74,10.44
ORD-2569,2023-10-15,CUST-141,Justin Oliver,Home Office,West,Kathleenshire,Office Supplies,Pens,Pens Model-11,Express,6,0.1,,1395.36
ORD-2570,2023-11-11,CUST-487,Johnny Floyd,Corporate,West,New Maria,Furniture,Shelves,Shelves Model-12,Economy,7,0.5,4669.79,633.19
ORD-2571,2022-06-16,CUST-247,James Williams,Home Office,Central,Port Joshua,Electronics,Laptops,Laptops Model-12,Standard,1,0.5,1235.96,329.11
ORD-2572,2022-05-18,CUST-570,Christopher Acosta,Corporate,North,Marshallfurt,Clothing,Shirts,Shirts Model-38,Same Day,14,0.1,2055.45,-299.43
ORD-2573,2022-08-26,CUST-489,Regina Martinez,Consumer,Central,New Darleneville,Electronics,Phones,Phones Model-15,Express,12,0.1,3076.47,-185.22
ORD-2574,2022-03-30,CUST-536,Anna Chapman,Consumer,North,South Curtis,Clothing,Shirts,Shirts Model-27,Standard,17,0.1,4748.69,211.04
ORD-2575,2022-04-24,CUST-525,Jerry Morris,Consumer,West,Justinfurt,Office Supplies,Envelopes,Envelopes Model-28,Express,13,0.2,4618.11,1421.23
ORD-2576,2023-08-10,CUST-202,Andrea Rios,Corporate,West,Proctorfort,Electronics,Phones,Phones Model-6,Economy,14,0.1,1634.57,764.97
ORD-2577,2022-04-28,CUST-416,Heidi Sharp,Corporate,East,Stewartview,Furniture,Desks,Desks Model-46,Standard,14,0.2,72.03,1854.77
ORD-2578,2022-10-22,CUST-335,Raymond Fisher,Consumer,West,Ashleyberg,Office Supplies,Binders,Binders Model-31,Economy,17,0.2,590.36,1422.39
ORD-2579,2023-12-11,CUST-249,Jeremiah Jordan,Consumer,Central,Evansland,Electronics,Accessories,Accessories Model-3,Same Day,14,0.0,1050.06,277.32
ORD-2580,2022-03-30,CUST-415,Adam Brown,Home Office,South,Cookfort,Clothing,Shirts,Shirts Model-12,Same Day,6,0.0,4181.11,837.15
ORD-2581,2022-10-01,CUST-212,Laura Henry,Corporate,East,Mirandaview,Office Supplies,Binders,Binders Model-28,Same Day,7,0.5,398.07,841.28
ORD-2582,2023-01-03,CUST-289,Monique Salas,Home Office,South,New Tiffany,Electronics,Laptops,Laptops Model-25,Express,14,0.5,4371.99,1477.24
ORD-2583,2023-12-25,CUST-590,Paul Price,Consumer,Central,West Benjamin,Furniture,Desks,Desks Model-22,Express,17,0.2,1338.44,1201.52
ORD-2584,2022-04-04,CUST-264,James Anderson,Home Office,Central,Taylorstad,Office Supplies,Pens,Pens Model-2,Standard,19,0.1,1960.17,340.61
ORD-2585,2023-05-16,CUST-477,Bianca Ramos,Consumer,East,Chavezside,Electronics,Tablets,Tablets Model-15,Economy,17,0.5,4233.69,1160.71
ORD-2586,2023-07-10,CUST-593,Denise Smith,Corporate,West,Brandonfort,Clothing,Shirts,Shirts Model-17,Economy,15,0.1,3764.68,1639.46
ORD-2587,2023-11-06,CUST-365,Derek Fischer,Corporate,Central,Cynthiaberg,Electronics,Tablets,Tablets Model-48,Standard,2,0.1,1491.7,1296.22
ORD-2588,2023-06-14,CUST-332,Lawrence Rodriguez,Home Office,Central,Leberg,Electronics,Phones,Phones Model-25,Standard,10,0.1,1547.25,-205.68
ORD-2589,2022-08-22,CUST-568,Susan Moran,Corporate,Central,Steventown,Office Supplies,Paper,Paper Model-33,Express,7,0.0,3532.38,721.68
ORD-2590,2023-04-28,CUST-161,Angel Daugherty,Home Office,South,New Nicoletown,Electronics,Accessories,Accessories Model-12,Express,14,0.3,3507.21,1741.63
ORD-2591,2023-09-22,CUST-360,Michael Thompson DDS,Home Office,Central,New Kaylaview,Office Supplies,Paper,Paper Model-28,Same Day,7,0.5,90.56,877.37
ORD-2592,2023-04-28,CUST-204,Elizabeth Hurst,Corporate,South,Hayleymouth,Electronics,Accessories,Accessories Model-45,Economy,13,0.0,3759.64,1017.07
ORD-2593,2023-11-18,CUST-171,Courtney Bell MD,Consumer,West,Susantown,Office Supplies,Paper,Paper Model-4,Same Day,18,0.3,3187.64,1013.3
ORD-2594,2022-01-31,CUST-529,Jeffrey Morgan,Consumer,North,West Jessica,Clothing,Accessories,Accessories Model-26,Express,19,0.0,2041.6,173.65
ORD-2595,2023-11-21,CUST-576,Jesse Nolan,Consumer,West,South Bruceport,Furniture,Chairs,Chairs Model-8,Express,14,0.2,4976.03,1577.72
ORD-2596,2022-04-03,CUST-103,Steven Jones,Home Office,West,Harrisfurt,Furniture,Desks,Desks Model-20,Same Day,6,0.3,2293.13,1803.17
ORD-2597,2023-11-22,CUST-254,Kathryn Morris,Home Office,Central,Smithville,Furniture,Chairs,Chairs Model-45,Standard,4,0.2,3857.7,1902.57
ORD-2598,2023-01-25,CUST-274,William Fowler,Home Office,West,West Roy,Clothing,Shirts,Shirts Model-13,Standard,12,0.2,2998.08,-153.93
ORD-2599,2023-07-29,CUST-242,Miranda Wright,Home Office,South,Summerburgh,Office Supplies,Pens,Pens Model-4,Express,3,0.3,4563.19,1407.75
ORD-2600,2023-10-12,CUST-439,Mario Boyd,Consumer,North,East Karimouth,Electronics,Accessories,Accessories Model-22,Standard,4,0.3,1890.76,1174.05
ORD-2601,2022-12-03,CUST-496,Jill Jackson,Consumer,North,East Brandon,Furniture,Chairs,Chairs Model-31,Standard,20,0.1,17.35,1860.81
ORD-2602,2022-02-01,CUST-365,William Lewis,Home Office,North,Lake Richard,Electronics,Laptops,Laptops Model-30,Express,13,0.1,2570.76,940.67
ORD-2603,2022-11-03,CUST-584,Christina Garcia,Consumer,North,Port Kimberlyland,Furniture,Shelves,Shelves Model-30,Express,17,0.5,4213.81,450.37
ORD-2604,2023-10-09,CUST-376,Alan Evans,Consumer,West,Port Amanda,Furniture,Desks,Desks Model-38,Standard,20,0.3,1385.29,-126.9
ORD-2605,2022-01-16,CUST-530,Lisa Shaw,Consumer,South,Cynthiamouth,Clothing,Pants,Pants Model-40,Standard,15,0.0,2791.77,919.88
ORD-2606,2023-11-20,CUST-237,Amy Jones,Consumer,East,East Victor,Clothing,Pants,Pants Model-39,Economy,6,0.2,4507.76,308.49
ORD-2607,2022-03-25,CUST-251,Benjamin Harris,Home Office,South,New Sandraland,Clothing,Shirts,Shirts Model-20,Express,12,0.1,,1392.3
ORD-2608,2023-04-15,CUST-382,Jaime Webb,Corporate,Central,South Eric,Furniture,Tables,Tables Model-29,Economy,2,0.1,1827.52,-279.4
ORD-2609,2022-09-06,CUST-491,Rachel Escobar,Home Office,East,Lake Cheyenne,Furniture,Shelves,Shelves Model-3,Same Day,12,0.1,1883.41,5.8
ORD-2610,2023-01-12,CUST-108,Timothy Stephenson,Consumer,West,Jacksontown,Electronics,Accessories,Accessories Model-45,Same Day,17,0.5,3896.63,340.28
ORD-2611,2022-09-12,CUST-464,Kathleen Price,Corporate,West,Marshallville,Clothing,Accessories,Accessories Model-10,Express,5,0.1,2593.68,335.82
ORD-2612,2023-08-23,CUST-258,Jeremy Thomas,Home Office,West,Grimesmouth,Clothing,Shoes,Shoes Model-43,Express,5,0.0,377.71,557.52
ORD-2613,2023-02-25,CUST-296,Richard Brown,Corporate,West,Spencerfort,Furniture,Tables,Tables Model-5,Economy,19,0.5,2822.74,-3.74
ORD-2614,2022-08-09,CUST-344,Michael Smith,Corporate,Central,Andreabury,Furniture,Tables,Tables Model-33,Economy,16,0.3,1609.88,971.55
ORD-2615,2022-05-05,CUST-125,Lori Deleon,Home Office,East,Dylanmouth,Electronics,Tablets,Tablets Model-39,Express,4,0.2,1242.82,907.94
ORD-2616,2022-05-10,CUST-559,Kimberly Solomon,Consumer,East,Ashleemouth,Electronics,Laptops,Laptops Model-20,Standard,15,0.3,2018.23,-232.54
ORD-2617,2023-10-30,CUST-545,,Corporate,Central,Lake Shawn,Electronics,Tablets,Tablets Model-5,Express,10,0.0,3310.06,1661.69
ORD-2618,2023-10-13,CUST-116,Sara Tucker,Home Office,Central,New Jessicaburgh,Office Supplies,Pens,Pens Model-35,Economy,11,0.3,4219.65,781.18
ORD-2619,2022-01-12,CUST-432,Eugene White,Consumer,North,North Douglas,Furniture,Shelves,Shelves Model-34,Express,8,0.2,1654.24,1930.13
ORD-2620,2023-09-16,CUST-582,Tanya Willis,Corporate,Central,New David,Clothing,Accessories,Accessories Model-40,Economy,5,0.5,4712.62,-64.7
ORD-2621,2023-02-16,CUST-143,Charles Romero,Corporate,East,Rodriguezburgh,Electronics,Tablets,Tablets Model-16,Standard,15,0.5,2674.4,1722.5
ORD-2622,2022-06-06,CUST-475,Anthony Conner,Home Office,East,Lake Nancyland,Office Supplies,Envelopes,Envelopes Model-1,Same Day,8,0.2,3790.9,1198.77
ORD-2623,2023-11-04,CUST-261,Michelle Navarro,Corporate,North,Williamside,Furniture,Chairs,Chairs Model-1,Standard,16,0.3,978.91,1219.1
ORD-2624,2022-08-20,CUST-490,Dr. Angela Navarro,Home Office,South,Stephanieland,Office Supplies,Paper,Paper Model-3,Express,11,0.5,2101.03,1442.41
ORD-2625,2022-07-18,CUST-252,Joshua Reynolds,Home Office,South,Port Melissamouth,Furniture,Desks,Desks Model-19,Same Day,9,0.3,1057.74,-207.28
ORD-2626,2022-01-27,CUST-312,Brent Munoz,Consumer,South,New Rebecca,Clothing,Accessories,Accessories Model-21,Standard,1,0.3,2225.22,1905.17
ORD-2627,2023-10-07,CUST-385,David Deleon,Corporate,North,Samanthaville,Electronics,Accessories,Accessories Model-31,Express,6,0.5,180.24,1813.51
ORD-2628,2022-02-07,CUST-506,Brandon Stokes,Corporate,Central,East Michelleview,Furniture,Shelves,Shelves Model-1,Same Day,12,0.5,3029.04,-131.24
ORD-2629,2022-09-24,CUST-300,Christine Hernandez,Home Office,east,Rubiofort,Office Supplies,Envelopes,Envelopes Model-16,Standard,13,0.0,1363.53,1541.76
ORD-2630,2023-08-25,CUST-106,Mrs. Lindsey Brown,Home Office,East,Lake Joseport,Office Supplies,Paper,Paper Model-21,Same Day,4,0.5,,1606.41
ORD-2631,2022-03-25,CUST-207,Brenda Rodriguez,Home Office,West,Reynoldsstad,Furniture,Tables,Tables Model-26,Express,2,0.1,4023.32,-244.49
ORD-2632,2023-10-06,CUST-437,Mr. Roger Aguirre,Corporate,Central,Davisberg,Clothing,Shoes,Shoes Model-35,Standard,5,0.3,4860.79,1410.61
ORD-2633,2023-12-10,CUST-543,Kristen Gordon,Consumer,South,Port Ivanton,Clothing,Shoes,Shoes Model-22,Economy,5,0.1,2192.27,1080.72
ORD-2634,2022-01-22,CUST-127,Brittany Schneider,Corporate,West,Ryanshire,Office Supplies,Binders,Binders Model-3,Economy,2,0.5,2520.66,866.63
ORD-2635,2022-08-16,CUST-538,Tina Patterson,Consumer,West,Jonesside,Electronics,Tablets,Tablets Model-25,Standard,4,0.2,403.52,159.29
ORD-2636,2023-02-13,CUST-157,Carla Burgess,Home Office,West,Bennettside,Office Supplies,Pens,Pens Model-3,Same Day,15,0.1,1212.43,1213.72
ORD-2637,2023-05-03,CUST-464,Nicole Simpson,Corporate,East,Alexshire,Clothing,Shirts,Shirts Model-31,Standard,18,0.1,2392.26,327.06
ORD-2638,2023-02-04,CUST-393,Michael Pineda,Corporate,South,Emmaview,Electronics,Tablets,Tablets Model-37,Same Day,14,0.3,3732.03,1592.61
ORD-2639,2022-09-12,CUST-292,Cory Davis,Consumer,east,Butlerview,Clothing,Pants,Pants Model-15,Standard,5,0.3,1640.32,1445.57
ORD-2640,2023-07-23,CUST-564,Nicholas Fisher,Corporate,Central,Codychester,Office Supplies,Envelopes,Envelopes Model-26,Standard,11,0.0,4537.01,-286.34
ORD-2641,2023-01-15,CUST-554,Kimberly Chambers,Home Office,north,Andersonchester,Clothing,Shirts,Shirts Model-42,Economy,9,0.0,229.64,1381.15
ORD-2642,2023-08-30,CUST-512,Daniel Lane,Home Office,South,Palmerberg,Furniture,Chairs,Chairs Model-41,Standard,5,0.2,600.15,79.29
ORD-2643,2023-01-15,CUST-287,,Consumer,North,Ramseystad,Furniture,Desks,Desks Model-37,Express,13,0.0,2846.43,1301.06
ORD-2644,2022-12-24,CUST-578,,Corporate,East,Ruizbury,Furniture,Desks,Desks Model-17,Same Day,19,0.1,4586.98,1879.3
ORD-2645,2022-12-04,CUST-385,Brandon Porter,Consumer,Central,Christinetown,Office Supplies,Binders,Binders Model-8,Economy,12,0.2,1133.39,-91.71
ORD-2646,2023-02-12,CUST-185,Gary Monroe,Home Office,East,Washingtonbury,Office Supplies,Binders,Binders Model-10,Standard,16,0.5,4901.95,60.87
ORD-2647,2023-02-23,CUST-171,Ashley Ward,Corporate,Central,West Edwinton,Electronics,Laptops,Laptops Model-28,Standard,15,0.0,521.72,666.0
ORD-2648,2022-01-17,CUST-132,William Shannon,Corporate,Central,Cochrantown,Clothing,Accessories,Accessories Model-24,Standard,3,0.2,664.1,512.63
ORD-2649,2023-03-10,CUST-316,Dale Bryant,Consumer,East,New Rogerview,Furniture,Chairs,Chairs Model-34,Economy,19,0.0,2490.28,-84.05
ORD-2650,2023-08-28,CUST-235,Ryan Holden,Consumer,West,Ariasport,Furniture,Tables,Tables Model-17,Same Day,7,0.0,1638.72,717.38
ORD-2651,2022-11-23,CUST-577,Sean Mckee,Home Office,North,East Danny,Clothing,Shirts,Shirts Model-49,Economy,14,0.2,3616.18,-16.85
ORD-2652,2022-05-07,CUST-265,Monica Stewart,Home Office,Central,South Johnmouth,Office Supplies,Envelopes,Envelopes Model-32,Same Day,18,0.3,2773.11,148.06
ORD-2653,2022-07-10,CUST-455,Scott Buchanan,Corporate,West,North Tyler,Clothing,Shirts,Shirts Model-47,Standard,18,0.2,,1985.79
ORD-2654,2022-01-27,CUST-223,Charles Navarro,Consumer,South,Cruzchester,Furniture,Tables,Tables Model-10,Economy,7,0.1,3021.32,694.72
ORD-2655,2022-07-10,CUST-264,Christopher Evans,Consumer,South,Wandafurt,Office Supplies,Paper,Paper Model-26,Economy,13,0.5,4344.2,1819.59
ORD-2656,2022-08-31,CUST-214,Cindy Hall,Home Office,Central,Sanchezfurt,Clothing,Accessories,Accessories Model-22,Express,2,0.1,3113.53,1330.95
ORD-2657,2022-03-08,CUST-489,Timothy Clarke,Consumer,Central,Haydenhaven,Office Supplies,Paper,Paper Model-18,Same Day,5,0.1,2122.17,134.47
ORD-2658,2023-11-20,CUST-541,Eric Cochran,Consumer,East,Turnerbury,Furniture,Chairs,Chairs Model-18,Same Day,5,0.3,2421.52,1585.72
ORD-2659,2023-07-19,CUST-101,Kristen Jones,Home Office,West,Nicoletown,Electronics,Laptops,Laptops Model-19,Express,7,0.1,4797.4,-14.07
ORD-2660,2023-05-20,CUST-204,Alan Williams,Consumer,West,Scottmouth,Furniture,Tables,Tables Model-47,Standard,13,0.3,2252.51,773.78
ORD-2661,2022-08-01,CUST-293,Heather Henry,Consumer,East,New Emily,Clothing,Shirts,Shirts Model-40,Same Day,6,0.5,2796.97,-179.57
ORD-2662,2023-10-18,CUST-472,Anthony Lee,Consumer,South,North Jasonview,Electronics,Phones,Phones Model-32,Same Day,1,0.3,2369.85,1328.54
ORD-2663,2023-03-07,CUST-101,Colleen Page,Corporate,South,Port Taylor,Clothing,Accessories,Accessories Model-1,Standard,8,0.3,697.22,1009.1
ORD-2664,2023-02-26,CUST-329,Ana Stephenson,Corporate,East,New Tonyfort,Clothing,Shoes,Shoes Model-39,Economy,19,0.1,3647.35,350.27
ORD-2665,2023-09-05,CUST-567,Benjamin Edwards,Home Office,central,New Colin,Clothing,Shoes,Shoes Model-28,Standard,19,0.5,3950.07,292.68
ORD-2666,2022-05-27,CUST-323,Amanda Goodwin,Corporate,South,South Beth,Office Supplies,Pens,Pens Model-9,Express,8,0.5,4119.49,1482.68
ORD-2667,2023-11-08,CUST-415,,Corporate,Central,South Shawn,Furniture,Chairs,Chairs Model-22,Express,9,0.0,4336.45,-60.04
ORD-2668,2022-05-21,CUST-597,Frank Cunningham,Home Office,East,West Cindy,Clothing,Pants,Pants Model-32,Same Day,6,0.1,4549.0,1578.23
ORD-2669,2023-06-10,CUST-565,James Hunter,Consumer,South,Goodmanmouth,Clothing,Shirts,Shirts Model-29,Economy,2,0.2,3874.01,910.62
ORD-2670,2023-01-29,CUST-202,Caitlyn Ho,Home Office,East,Kevinmouth,Clothing,Shirts,Shirts Model-37,Same Day,13,0.2,3490.67,1971.13
ORD-2671,2022-01-26,CUST-319,Jason Barron,Home Office,West,Kevinton,Office Supplies,Envelopes,Envelopes Model-40,Same Day,19,0.3,3767.66,446.5
ORD-2672,2022-06-07,CUST-125,Jeremy Allen,Home Office,North,Garciaport,Electronics,Accessories,Accessories Model-37,Express,14,0.0,1014.64,1549.17
ORD-2673,2022-11-23,CUST-308,Emma Keller,Corporate,East,North Austin,Office Supplies,Binders,Binders Model-32,Economy,11,0.2,3664.95,1274.08
ORD-2674,2022-09-18,CUST-103,Felicia Lee,Consumer,West,Caitlinberg,Electronics,Laptops,Laptops Model-34,Economy,11,0.5,2356.6,331.57
ORD-2675,2023-12-01,CUST-295,Chris Lopez,Corporate,East,Campbellmouth,Furniture,Shelves,Shelves Model-21,Standard,5,0.1,296.87,-136.03
ORD-2676,2022-01-06,CUST-203,Kristin Farmer,Consumer,Central,Christiechester,Clothing,Shoes,Shoes Model-27,Economy,1,0.5,727.16,1650.47
ORD-2677,2023-04-09,CUST-199,Miguel Wells,Consumer,Central,South Heatherhaven,Electronics,Phones,Phones Model-20,Same Day,5,0.1,109.2,263.85
ORD-2678,2023-07-08,CUST-115,Sabrina Brown,Home Office,East,South Desireeside,Office Supplies,Paper,Paper Model-48,Standard,7,0.2,,929.75
ORD-2679,2023-09-03,CUST-520,Lori Griffith,Home Office,West,Gavinmouth,Electronics,Accessories,Accessories Model-9,Same Day,11,0.1,2429.11,1642.66
ORD-2680,2022-11-02,CUST-204,Matthew Tyler,Corporate,West,Reyestown,Office Supplies,Paper,Paper Model-49,Economy,10,0.5,,-202.85
ORD-2681,2023-11-25,CUST-524,Ryan Washington,Home Office,Central,Abigailton,Furniture,Shelves,Shelves Model-3,Express,14,0.0,104.0,474.6
ORD-2682,2022-04-03,CUST-599,Laura Sherman,Consumer,East,Kelliehaven,Electronics,Laptops,Laptops Model-34,Same Day,20,0.0,1775.33,920.03
ORD-2683,2023-08-01,CUST-341,Victor Rodriguez,Corporate,Central,Anthonychester,Furniture,Chairs,Chairs Model-28,Economy,12,0.5,3723.07,1229.47
ORD-2684,2022-10-01,CUST-469,Hannah Caldwell,Consumer,South,Moorechester,Electronics,Accessories,Accessories Model-1,Express,20,0.2,4967.21,1279.49
ORD-2685,2023-08-08,CUST-492,Scott Rodriguez,Consumer,South,Lake Colleen,Office Supplies,Paper,Paper Model-28,Standard,12,0.5,2107.22,262.79
ORD-2686,2023-05-08,CUST-150,Kristina Durham,Corporate,South,Timothychester,Clothing,Accessories,Accessories Model-45,Standard,13,0.3,1469.75,887.61
ORD-2687,2022-04-05,CUST-557,Ryan Lozano,Consumer,West,Smithmouth,Electronics,Tablets,Tablets Model-35,Express,10,0.1,4908.81,918.15
ORD-2688,2023-09-30,CUST-577,David Martinez,Corporate,South,Travisborough,Office Supplies,Envelopes,Envelopes Model-16,Express,15,0.1,2748.31,1622.74
ORD-2689,2022-06-25,CUST-393,Jacob Arnold,Consumer,North,Teresaside,Electronics,Laptops,Laptops Model-46,Economy,11,0.2,1147.71,1262.41
ORD-2690,2023-11-19,CUST-338,Steven Bautista,Corporate,Central,Bakerberg,Clothing,Shirts,Shirts Model-21,Same Day,3,0.3,4443.97,345.31
ORD-2691,2023-04-09,CUST-133,Amy Simon MD,Corporate,Central,East Oliviashire,Electronics,Phones,Phones Model-5,Same Day,16,0.5,3747.25,764.37
ORD-2692,2023-02-19,CUST-234,,Home Office,central,North Edwardchester,Clothing,Pants,Pants Model-29,Economy,7,0.5,4135.6,183.23
ORD-2693,2022-03-23,CUST-448,Joseph Williams,Consumer,South,Robertschester,Clothing,Accessories,Accessories Model-8,Standard,11,0.0,763.18,1065.46
ORD-2694,2023-06-08,CUST-113,,Home Office,West,Juarezland,Clothing,Shirts,Shirts Model-1,Economy,13,0.5,3837.41,1575.6
ORD-2695,2023-05-08,CUST-173,Jamie Willis,Corporate,Central,South James,Furniture,Tables,Tables Model-39,Express,8,0.2,3898.89,1055.8
ORD-2696,2023-09-15,CUST-224,Kathryn Gordon,Home Office,East,Annettemouth,Clothing,Shoes,Shoes Model-3,Economy,16,0.2,4511.58,1819.04
ORD-2697,2022-12-13,CUST-509,Jessica Ramirez,Corporate,West,Nicoleview,Furniture,Tables,Tables Model-16,Standard,6,0.1,1778.02,726.01
ORD-2698,2023-11-24,CUST-429,Tara Pierce,Consumer,Central,Monicatown,Office Supplies,Envelopes,Envelopes Model-31,Express,17,0.2,4526.29,522.2
ORD-2699,2022-04-18,CUST-257,Stephanie Franco,Corporate,North,Christopherberg,Office Supplies,Pens,Pens Model-42,Standard,5,0.1,4859.57,416.14
ORD-2700,2023-07-03,CUST-421,Anita Meyer,Corporate,Central,West Jaimeville,Furniture,Desks,Desks Model-39,Standard,2,0.5,4952.5,-38.19
ORD-2701,2022-05-26,CUST-511,Stacy Diaz,Home Office,East,Allenport,Clothing,Shirts,Shirts Model-23,Economy,17,0.2,1168.28,1939.1
ORD-2702,2022-08-26,CUST-538,Matthew Hill,Corporate,East,Gregorybury,Office Supplies,Paper,Paper Model-2,Standard,14,0.1,4098.82,673.49
ORD-2703,2022-05-02,CUST-287,Mark Richmond,Corporate,South,New Ashleyhaven,Clothing,Pants,Pants Model-39,Express,15,0.1,1781.79,1873.28
ORD-2704,2022-05-20,CUST-386,David Gonzalez,Corporate,East,Port Jasonchester,Furniture,Chairs,Chairs Model-42,Express,8,0.1,2829.03,-95.93
ORD-2705,2023-07-18,CUST-375,Margaret Branch,Consumer,Central,North Donald,Office Supplies,Paper,Paper Model-28,Economy,1,0.3,1741.33,1399.39
ORD-2706,2023-02-03,CUST-480,Christine Boyer,Home Office,Central,Alexisville,Clothing,Shoes,Shoes Model-23,Same Day,3,0.3,891.66,-18.64
ORD-2707,2022-03-07,CUST-585,Monica Johnson,Consumer,South,Lake Kristen,Electronics,Accessories,Accessories Model-5,Standard,13,0.5,2215.35,474.34
ORD-2708,2022-11-04,CUST-297,Christine Mueller,Home Office,North,Cathyville,Electronics,Laptops,Laptops Model-46,Same Day,18,0.1,4190.51,1235.59
ORD-2709,2023-07-03,CUST-223,Cheryl Wright,Consumer,North,Wadeburgh,Furniture,Tables,Tables Model-10,Economy,12,0.0,2031.29,1228.21
ORD-2710,2023-07-26,CUST-331,Amber Powell,Corporate,North,Sharonfurt,Furniture,Chairs,Chairs Model-39,Economy,14,0.3,4454.55,655.92
ORD-2711,2022-09-04,CUST-571,Ann Nelson,Consumer,South,Walkershire,Office Supplies,Envelopes,Envelopes Model-9,Express,8,0.2,1396.65,1566.01
ORD-2712,2023-03-10,CUST-349,Candice Hernandez,Corporate,Central,Port Nathan,Furniture,Desks,Desks Model-48,Standard,4,0.3,2773.1,1749.54
ORD-2713,2023-02-18,CUST-415,Devin Alvarado,Consumer,South,New Jamesmouth,Office Supplies,Binders,Binders Model-16,Same Day,3,0.3,610.29,375.66
ORD-2714,2023-01-21,CUST-296,Michael Bennett,Consumer,West,New Melissastad,Office Supplies,Pens,Pens Model-49,Express,13,0.1,4069.65,-46.9
ORD-2715,2022-12-31,CUST-193,Brooke Valdez,Corporate,West,Bobbyhaven,Clothing,Shoes,Shoes Model-25,Same Day,3,0.2,,63.29
ORD-2716,2022-07-03,CUST-132,Elizabeth Mills,Home Office,South,West Elizabeth,Office Supplies,Paper,Paper Model-18,Same Day,9,0.5,3717.33,469.4
ORD-2717,2022-11-04,CUST-219,Julia Parrish,Consumer,East,Lake Charlesmouth,Furniture,Chairs,Chairs Model-24,Same Day,13,0.0,2349.42,254.76
ORD-2718,2023-01-02,CUST-500,Cynthia Jones,Home Office,West,East Gregory,Furniture,Tables,Tables Model-34,Economy,19,0.2,473.05,299.64
ORD-2719,2023-08-21,CUST-353,Sheila Jackson,Home Office,West,Terrymouth,Office Supplies,Paper,Paper Model-28,Standard,17,0.1,1617.93,260.88
ORD-2720,2022-04-13,CUST-594,Wendy Hatfield,Consumer,North,New Stephanie,Electronics,Phones,Phones Model-20,Express,19,0.0,3618.2,932.6
ORD-2721,2023-07-02,CUST-583,Tyler Gregory,Consumer,West,Bryanmouth,Clothing,Accessories,Accessories Model-36,Standard,18,0.3,2068.64,1152.01
ORD-2722,2022-11-05,CUST-529,Leonard Mitchell,Consumer,West,Amyfort,Office Supplies,Envelopes,Envelopes Model-42,Standard,5,0.3,653.08,1450.27
ORD-2723,2022-09-27,CUST-106,Jessica Wagner,Corporate,North,Sweeneyville,Electronics,Tablets,Tablets Model-4,Express,7,0.0,904.24,1409.01
ORD-2724,2023-11-23,CUST-186,Katherine Spencer,Corporate,North,Annmouth,Office Supplies,Paper,Paper Model-7,Same Day,5,0.0,1638.94,1611.17
ORD-2725,2022-11-24,CUST-109,Ernest Ramos,Consumer,West,Lake Charles,Electronics,Tablets,Tablets Model-28,Express,7,0.5,3695.29,1002.7
ORD-2726,2022-11-24,CUST-166,Oscar Morton,Consumer,South,East Grace,Electronics,Phones,Phones Model-4,Same Day,13,0.1,1168.21,1947.82
ORD-2727,2022-04-27,CUST-257,John Anderson,Consumer,South,North Damonside,Electronics,Phones,Phones Model-37,Standard,7,0.1,3793.24,288.86
ORD-2728,2022-06-12,CUST-271,Nicole Hoffman,Corporate,East,Rodriguezview,Electronics,Laptops,Laptops Model-22,Express,7,0.2,1223.85,1074.72
ORD-2729,2023-03-15,CUST-398,Jamie Rodriguez,Home Office,West,Meyerton,Office Supplies,Envelopes,Envelopes Model-28,Express,9,0.1,3967.33,98.5
ORD-2730,2023-03-24,CUST-342,Ronald Hendricks,Home Office,South,West Jasonfurt,Office Supplies,Pens,Pens Model-18,Same Day,6,0.5,3754.27,1164.31
ORD-2731,2023-12-06,CUST-591,Christopher Torres,Corporate,East,South Melissamouth,Electronics,Tablets,Tablets Model-22,Standard,9,0.3,896.04,582.39
ORD-2732,2023-09-27,CUST-153,Donna Stone,Corporate,West,Richardsonshire,Furniture,Chairs,Chairs Model-24,Express,8,0.3,4581.45,657.92
ORD-2733,2023-02-08,CUST-219,Nicholas Miller,Corporate,South,Hernandezfurt,Clothing,Shoes,Shoes Model-36,Economy,5,0.5,2177.17,430.9
ORD-2734,2023-12-26,CUST-572,Lisa Salas,Home Office,South,Dannyland,Office Supplies,Pens,Pens Model-20,Standard,11,0.3,3777.34,592.99
ORD-2735,2023-10-03,CUST-238,Kenneth George,Consumer,East,North Brucehaven,Clothing,Pants,Pants Model-27,Same Day,17,0.3,2739.79,216.59
ORD-2736,2023-07-06,CUST-402,Tina Martinez,Home Office,South,Powellfurt,Electronics,Accessories,Accessories Model-40,Standard,14,0.0,744.1,1000.67
ORD-2737,2023-02-08,CUST-200,Philip Barnett,Home Office,West,Evansborough,Electronics,Phones,Phones Model-6,Standard,8,0.0,4485.72,885.12
ORD-2738,2023-12-09,CUST-102,Ashlee Cohen,Consumer,East,Peterburgh,Electronics,Accessories,Accessories Model-35,Economy,16,0.5,,1609.22
ORD-2739,2023-08-11,CUST-162,Don Dillon,Corporate,West,Jamesfurt,Clothing,Shoes,Shoes Model-13,Same Day,15,0.3,1047.95,3.17
ORD-2740,2023-12-21,CUST-205,Cynthia Logan,Consumer,Central,North Laurenborough,Furniture,Desks,Desks Model-7,Economy,5,0.5,1489.72,1426.5
ORD-2741,2023-02-09,CUST-533,Eric Brown,Home Office,North,Watsontown,Electronics,Laptops,Laptops Model-43,Standard,6,0.3,4105.09,303.21
ORD-2742,2023-09-28,CUST-113,Mikayla Gill,Corporate,Central,Port Nathaniel,Clothing,Shirts,Shirts Model-15,Express,11,0.1,2055.89,1976.02
ORD-2743,2022-12-25,CUST-158,Kelly Morales,Corporate,South,North Douglas,Electronics,Laptops,Laptops Model-37,Same Day,19,0.0,3928.48,1013.8
ORD-2744,2022-08-09,CUST-526,Alexis Thompson,Corporate,South,West Daryl,Office Supplies,Binders,Binders Model-44,Same Day,18,0.0,2386.43,1231.53
ORD-2745,2022-03-05,CUST-352,Jacob Bradley,Home Office,South,Port Christopher,Office Supplies,Paper,Paper Model-3,Standard,9,0.5,4775.52,1689.44
ORD-2746,2022-02-18,CUST-572,John Johnson,Consumer,North,North Angelamouth,Electronics,Phones,Phones Model-10,Economy,14,0.0,4243.62,1209.16
ORD-2747,2022-09-10,CUST-532,Jason Joseph,Consumer,East,South Daisyton,Electronics,Phones,Phones Model-33,Same Day,10,0.5,1466.97,-19.41
ORD-2748,2022-03-18,CUST-389,Manuel Williams,Home Office,North,Lake Phillip,Office Supplies,Pens,Pens Model-32,Standard,7,0.5,2133.08,1299.33
ORD-2749,2023-05-23,CUST-500,Sandra Joyce,Home Office,North,Hamptontown,Electronics,Phones,Phones Model-38,Same Day,1,0.1,588.87,1716.88
ORD-2750,2022-10-24,CUST-373,Thomas Crawford,Corporate,East,West Jeremy,Furniture,Chairs,Chairs Model-21,Express,16,0.0,469.16,4.8
ORD-2751,2023-05-18,CUST-196,Trevor Murray,Home Office,North,East Danielstad,Clothing,Shoes,Shoes Model-16,Standard,2,0.3,1909.02,1678.43
ORD-2752,2023-08-15,CUST-428,Antonio Olson,Consumer,North,Davisport,Clothing,Shirts,Shirts Model-23,Same Day,2,0.0,4993.79,89.43
ORD-2753,2023-02-25,CUST-438,Matthew Jimenez,Consumer,West,Miketown,Office Supplies,Paper,Paper Model-5,Economy,18,0.2,2988.09,696.69
ORD-2754,2022-11-16,CUST-424,Elaine Vazquez,Corporate,East,Port Scottfurt,Furniture,Desks,Desks Model-32,Standard,15,0.5,4468.17,-295.36
ORD-2755,2023-02-04,CUST-586,Carrie Walker DVM,Home Office,South,Lake Adrianamouth,Office Supplies,Envelopes,Envelopes Model-4,Standard,12,0.0,3026.5,865.37
ORD-2756,2022-12-23,CUST-206,William Chen,Corporate,East,Trujilloberg,Clothing,Accessories,Accessories Model-50,Same Day,5,0.1,4696.01,1809.13
ORD-2757,2022-05-17,CUST-287,Karla Cooper,Consumer,East,North Tyler,Clothing,Accessories,Accessories Model-25,Standard,16,0.0,3804.5,531.74
ORD-2758,2022-08-16,CUST-360,Eric Walker,Home Office,West,West Leahton,Office Supplies,Paper,Paper Model-12,Same Day,2,0.5,35.42,1582.35
ORD-2759,2023-02-23,CUST-239,Lisa Knight,Consumer,West,New Cole,Electronics,Accessories,Accessories Model-9,Express,1,0.3,2712.06,-164.31
ORD-2760,2023-11-07,CUST-382,David Kramer,Consumer,South,Kaufmanview,Electronics,Tablets,Tablets Model-12,Express,10,0.0,815.08,227.55
ORD-2761,2023-09-13,CUST-100,Sheila Mann,Corporate,North,Port Tyler,Furniture,Shelves,Shelves Model-3,Same Day,15,0.5,2959.37,383.47
ORD-2762,2022-09-10,CUST-536,Heather Farmer,Corporate,South,Andersonside,Electronics,Phones,Phones Model-21,Economy,5,0.1,1741.68,-231.69
ORD-2763,2022-10-24,CUST-440,Kevin Mathis,Corporate,West,Lake Danaview,Electronics,Accessories,Accessories Model-36,Standard,20,0.3,,1310.48
ORD-2764,2022-01-25,CUST-247,Diana Holmes,Home Office,East,Port Amanda,Electronics,Phones,Phones Model-16,Same Day,3,0.5,4475.83,-64.65
ORD-2765,2022-10-22,CUST-332,Dr. Jackie Young,Corporate,South,Lake Robert,Electronics,Tablets,Tablets Model-36,Standard,6,0.0,2352.96,642.98
ORD-2766,2023-01-30,CUST-567,Lynn Martinez,Home Office,North,West Luis,Furniture,Chairs,Chairs Model-44,Express,15,0.5,1117.84,492.01
ORD-2767,2022-09-14,CUST-520,Julia Smith,Home Office,West,East Kevin,Furniture,Desks,Desks Model-39,Standard,11,0.2,4656.5,1778.88
ORD-2768,2023-12-16,CUST-242,Casey Roberts,Consumer,Central,Erinville,Office Supplies,Binders,Binders Model-48,Standard,14,0.5,3843.1,952.88
ORD-2769,2022-06-06,CUST-319,Hector Ware,Consumer,West,West Georgeview,Office Supplies,Binders,Binders Model-5,Standard,13,0.2,2603.91,1542.31
ORD-2770,2023-03-31,CUST-262,Teresa Murray,Consumer,West,East Jessicaton,Office Supplies,Binders,Binders Model-27,Standard,8,0.3,4469.46,-109.11
ORD-2771,2023-01-02,CUST-243,Shane Smith,Consumer,West,South Robertland,Electronics,Laptops,Laptops Model-47,Economy,20,0.5,1107.56,-252.86
ORD-2772,2023-04-16,CUST-565,Richard Palmer,Consumer,East,New Stephenfurt,Office Supplies,Binders,Binders Model-1,Same Day,6,0.1,3871.62,847.46
ORD-2773,2022-02-02,CUST-164,Christopher Wilson,Corporate,North,Brianland,Office Supplies,Paper,Paper Model-47,Same Day,11,0.1,1376.79,745.05
ORD-2774,2023-04-15,CUST-575,,Consumer,West,Pricetown,Office Supplies,Binders,Binders Model-12,Economy,19,0.3,1416.13,1900.38
ORD-2775,2022-08-07,CUST-506,Russell Chang,Corporate,Central,Turnershire,Electronics,Laptops,Laptops Model-19,Same Day,6,0.1,1115.9,32.12
ORD-2776,2022-08-20,CUST-524,Frank Tran,Consumer,Central,Georgeview,Furniture,Desks,Desks Model-28,Economy,6,0.5,239.99,-253.41
ORD-2777,2023-09-07,CUST-254,Crystal Ford,Consumer,West,Aliciaside,Office Supplies,Pens,Pens Model-30,Express,4,0.2,702.78,1.35
ORD-2778,2023-05-02,CUST-302,Erika Shaw,Consumer,South,Port Elizabeth,Clothing,Pants,Pants Model-23,Standard,7,0.0,4293.6,1618.69
ORD-2779,2022-01-08,CUST-148,Gary Anthony,Home Office,Central,Jacksonport,Office Supplies,Binders,Binders Model-4,Standard,19,0.1,932.88,-196.31
ORD-2780,2022-03-28,CUST-430,Nicholas Singleton,Consumer,South,New Brandon,Clothing,Accessories,Accessories Model-46,Same Day,14,0.0,3022.48,-295.26
ORD-2781,2022-03-07,CUST-596,Alexander Gilmore,Home Office,east,Danaville,Office Supplies,Envelopes,Envelopes Model-1,Economy,19,0.5,2575.47,547.47
ORD-2782,2022-05-20,CUST-297,Mary Foster,Home Office,West,East Matthewstad,Office Supplies,Pens,Pens Model-30,Standard,10,0.2,3717.07,-109.46
ORD-2783,2022-01-14,CUST-251,Christopher Sandoval,Corporate,South,East Stephanieport,Furniture,Desks,Desks Model-44,Standard,3,0.3,3914.03,-27.98
ORD-2784,2022-03-01,CUST-431,Stephen Miller,Corporate,North,West Jamiemouth,Clothing,Shoes,Shoes Model-9,Standard,19,0.1,1729.56,1215.32
ORD-2785,2023-02-21,CUST-419,Wesley Lewis,Consumer,South,Clarkville,Clothing,Shirts,Shirts Model-9,Express,3,0.0,3314.28,1533.45
ORD-2786,2023-01-31,CUST-318,Antonio Klein,Consumer,East,East Briannafort,Clothing,Shirts,Shirts Model-16,Express,5,0.1,3149.71,798.99
ORD-2787,2022-05-22,CUST-468,Pamela Parks,Corporate,Central,Kristinberg,Furniture,Chairs,Chairs Model-24,Economy,8,0.3,1898.97,1162.25
ORD-2788,2022-01-23,CUST-225,Victoria Alexander,Corporate,East,Port Kimberlystad,Office Supplies,Pens,Pens Model-50,Express,19,0.5,209.81,1859.61
ORD-2789,2022-05-27,CUST-437,Susan Bell,Home Office,Central,Dukeland,Electronics,Laptops,Laptops Model-25,Economy,20,0.1,1305.67,492.53
ORD-2790,2023-05-18,CUST-449,Brandi Gutierrez,Corporate,West,Bowenfort,Office Supplies,Paper,Paper Model-22,Standard,11,0.1,3298.96,163.92
ORD-2791,2023-02-02,CUST-319,Timothy Mccall,Corporate,East,Port Gloriaborough,Office Supplies,Paper,Paper Model-12,Economy,15,0.1,4021.1,76.44
ORD-2792,2022-10-14,CUST-592,Michael Tapia,Consumer,West,East Jeffrey,Clothing,Pants,Pants Model-24,Economy,11,0.3,1586.45,494.48
ORD-2793,2023-08-26,CUST-516,Carmen Le,Home Office,East,Lake Vincent,Clothing,Shoes,Shoes Model-46,Same Day,4,0.0,2135.04,78.78
ORD-2794,2023-08-05,CUST-575,Matthew Porter,Corporate,North,West Wendy,Clothing,Pants,Pants Model-10,Standard,14,0.1,2099.85,581.08
ORD-2795,2022-11-24,CUST-399,Sandra Pratt,Consumer,East,Robertsmouth,Furniture,Tables,Tables Model-44,Same Day,5,0.0,3513.75,1111.94
ORD-2796,2022-07-10,CUST-557,Monica Wood,Corporate,West,New Luis,Office Supplies,Paper,Paper Model-36,Standard,10,0.2,745.25,150.53
ORD-2797,2022-04-30,CUST-435,Robert Walker,Consumer,West,Port Martin,Furniture,Shelves,Shelves Model-2,Express,8,0.5,4321.45,370.01
ORD-2798,2022-07-17,CUST-179,Willie Barnes,Home Office,North,Lewisbury,Furniture,Tables,Tables Model-37,Same Day,11,0.0,2229.09,1381.61
ORD-2799,2023-02-09,CUST-443,Robert Hurley,Consumer,Central,Ochoaview,Clothing,Shirts,Shirts Model-28,Express,1,0.0,993.68,1149.32
ORD-2800,2022-02-20,CUST-365,Justin Merritt,Corporate,Central,Tonymouth,Furniture,Chairs,Chairs Model-18,Express,13,0.2,4457.79,1356.1
ORD-2801,2023-04-08,CUST-584,Stephen Smith,Home Office,South,East Shelbyville,Furniture,Desks,Desks Model-45,Economy,16,0.0,3381.72,576.36
ORD-2802,2023-03-22,CUST-112,David Perez,Home Office,East,Port Jasminehaven,Office Supplies,Binders,Binders Model-27,Same Day,19,0.0,4384.77,1078.61
ORD-2803,2023-08-01,CUST-522,Matthew Jensen,Home Office,North,Escobarport,Office Supplies,Paper,Paper Model-5,Standard,11,0.2,4653.34,560.66
ORD-2804,2022-08-10,CUST-395,Nicole Hatfield,Home Office,North,Sheltonstad,Electronics,Phones,Phones Model-19,Same Day,3,0.0,4758.78,1387.62
ORD-2805,2023-06-06,CUST-526,Kevin Jackson,Corporate,South,Kaufmanchester,Clothing,Accessories,Accessories Model-34,Standard,9,0.5,1706.25,1280.34
ORD-2806,2022-07-21,CUST-152,Valerie Delacruz,Corporate,Central,Chanbury,Office Supplies,Paper,Paper Model-21,Economy,10,0.3,219.89,1170.07
ORD-2807,2022-04-04,CUST-179,Jessica Martinez,Corporate,North,West Jeffrey,Office Supplies,Paper,Paper Model-26,Express,16,0.0,4810.71,1098.86
ORD-2808,2023-06-14,CUST-391,Erica Lambert,Home Office,West,East Douglasmouth,Clothing,Accessories,Accessories Model-25,Economy,12,0.5,4889.05,-40.51
ORD-2809,2022-03-09,CUST-264,Elizabeth Flores,Consumer,East,Alvarezbury,Furniture,Desks,Desks Model-35,Express,12,0.1,2387.69,-204.13
ORD-2810,2022-12-02,CUST-289,Ashley Foster,Consumer,East,North Michelle,Office Supplies,Envelopes,Envelopes Model-16,Express,19,0.5,2204.26,44.89
ORD-2811,2023-11-07,CUST-497,Michael West,Home Office,West,New Denise,Clothing,Accessories,Accessories Model-22,Standard,3,0.2,718.71,776.69
ORD-2812,2022-01-05,CUST-103,Kimberly Glass,Consumer,Central,Pamelaton,Clothing,Pants,Pants Model-22,Express,6,0.3,4075.79,1485.65
ORD-2813,2022-11-21,CUST-478,Steven Carter,Home Office,North,Lake Joshua,Furniture,Shelves,Shelves Model-11,Same Day,5,0.5,357.47,553.24
ORD-2814,2023-07-12,CUST-568,Dr. Traci Wright PhD,Consumer,Central,West Timothy,Furniture,Chairs,Chairs Model-37,Economy,5,0.0,2340.91,138.02
ORD-2815,2023-05-02,CUST-586,Stephanie Ibarra,Consumer,North,West Kimmouth,Furniture,Desks,Desks Model-49,Same Day,5,0.2,2351.02,1815.66
ORD-2816,2022-01-02,CUST-326,Sarah Griffin,Consumer,South,North Eric,Clothing,Pants,Pants Model-5,Standard,5,0.2,3903.36,-158.6
ORD-2817,2022-12-24,CUST-520,Michael Thomas,Home Office,West,Blakeburgh,Furniture,Chairs,Chairs Model-31,Standard,20,0.3,3696.91,811.89
ORD-2818,2023-01-21,CUST-279,,Corporate,West,Port Joanna,Clothing,Shirts,Shirts Model-50,Economy,14,0.2,1830.18,1102.8
ORD-2819,2022-10-22,CUST-414,Mark Tapia,Home Office,East,South Danielle,Furniture,Tables,Tables Model-10,Express,10,0.1,3897.1,-263.02
ORD-2820,2023-10-02,CUST-165,Hector Curtis,Consumer,Central,South Bradley,Furniture,Desks,Desks Model-5,Same Day,8,0.5,1009.45,1297.48
ORD-2821,2023-11-19,CUST-158,,Corporate,West,Lake Brookestad,Office Supplies,Envelopes,Envelopes Model-41,Standard,3,0.2,1223.8,-184.84
ORD-2822,2023-03-06,CUST-168,Mr. Tyler Lang,Corporate,East,Port Ethan,Clothing,Pants,Pants Model-36,Express,9,0.3,54.48,859.01
ORD-2823,2022-11-23,CUST-205,Cynthia Lee,Corporate,West,Patelmouth,Furniture,Tables,Tables Model-6,Express,4,0.2,1452.22,850.91
ORD-2824,2022-09-06,CUST-573,Randy Ruiz,Corporate,West,New Francisco,Office Supplies,Envelopes,Envelopes Model-19,Express,5,0.0,4851.79,1335.03
ORD-2825,2023-11-05,CUST-498,Ashley Carter,Home Office,South,Marymouth,Clothing,Pants,Pants Model-20,Economy,18,0.2,2044.26,539.19
ORD-2826,2022-10-25,CUST-452,Michael Foley,Home Office,South,Meyerbury,Clothing,Pants,Pants Model-2,Economy,2,0.0,23.04,1564.94
ORD-2827,2023-08-27,CUST-243,Richard Graham,Consumer,South,Hopkinsborough,Office Supplies,Paper,Paper Model-32,Standard,13,0.1,130.2,1461.09
ORD-2828,2022-11-24,CUST-565,Kylie Knapp,Consumer,West,Kingchester,Furniture,Tables,Tables Model-39,Express,1,0.0,4494.02,1643.54
ORD-2829,2022-03-09,CUST-472,Kenneth Brown,Consumer,East,Cathyfurt,Electronics,Laptops,Laptops Model-35,Standard,6,0.5,2769.69,898.39
ORD-2830,2022-12-10,CUST-487,,Consumer,Central,Combstown,Office Supplies,Paper,Paper Model-44,Standard,20,0.1,2723.34,1869.65
ORD-2831,2023-03-11,CUST-301,Lisa Obrien,Consumer,Central,West Rebecca,Clothing,Accessories,Accessories Model-42,Standard,17,0.0,451.72,1471.72
ORD-2832,2023-08-09,CUST-457,Nancy Vasquez,Corporate,West,Lake Chrisside,Electronics,Tablets,Tablets Model-1,Same Day,8,0.0,1522.47,755.39
ORD-2833,2023-11-22,CUST-541,Michelle Evans,Home Office,West,Port Kristinstad,Office Supplies,Pens,Pens Model-32,Express,20,0.3,3900.98,262.37
ORD-2834,2022-05-24,CUST-342,Catherine Wilson,Corporate,East,East Michael,Electronics,Tablets,Tablets Model-42,Standard,4,0.3,3339.66,1094.73
ORD-2835,2023-05-06,CUST-436,Joseph Wells,Home Office,Central,East Codychester,Electronics,Accessories,Accessories Model-14,Economy,8,0.3,1996.66,1765.27
ORD-2836,2023-11-02,CUST-427,Melinda Kane,Consumer,West,Port Briannaport,Electronics,Phones,Phones Model-26,Express,19,0.1,1988.6,1484.65
ORD-2837,2023-04-04,CUST-302,Matthew Chen,Corporate,South,West Megan,Electronics,Laptops,Laptops Model-12,Standard,15,0.2,3221.47,-103.06
ORD-2838,2022-11-28,CUST-338,,Consumer,West,East Frankberg,Electronics,Laptops,Laptops Model-21,Economy,13,0.2,1713.58,796.23
ORD-2839,2022-11-21,CUST-463,Ryan Miller,Corporate,North,New Todd,Office Supplies,Paper,Paper Model-50,Economy,4,0.3,156.34,-133.39
ORD-2840,2023-08-28,CUST-544,John Williams,Corporate,East,Robinsonside,Electronics,Laptops,Laptops Model-6,Economy,3,0.0,4786.76,1684.84
ORD-2841,2022-02-14,CUST-234,Crystal Lee,Corporate,Central,Port Daniel,Electronics,Tablets,Tablets Model-46,Express,17,0.3,31.77,1087.98
ORD-2842,2023-10-04,CUST-172,Danielle Henderson,Home Office,South,Carlosbury,Clothing,Shirts,Shirts Model-2,Standard,4,0.1,,-261.68
ORD-2843,2023-05-21,CUST-596,Matthew Lin,Consumer,West,Thomasport,Clothing,Shirts,Shirts Model-43,Same Day,5,0.1,1383.43,1014.73
ORD-2844,2023-10-12,CUST-553,Jessica King MD,Consumer,North,North Elizabeth,Furniture,Chairs,Chairs Model-32,Express,1,0.1,2808.36,584.22
ORD-2845,2022-09-23,CUST-286,Kimberly Lane,Consumer,West,Garciabury,Clothing,Pants,Pants Model-48,Same Day,1,0.2,3511.73,1020.7
ORD-2846,2023-02-05,CUST-288,Michael Wong,Corporate,West,West Curtis,Office Supplies,Binders,Binders Model-17,Standard,13,0.5,4730.73,1910.37
ORD-2847,2023-01-17,CUST-133,Nicole Wolfe,Corporate,West,Mcknightmouth,Office Supplies,Binders,Binders Model-42,Economy,18,0.5,1102.16,459.7
ORD-2848,2023-06-03,CUST-479,Ryan Anderson,Consumer,East,South Susanbury,Furniture,Shelves,Shelves Model-42,Economy,6,0.3,999.51,382.35
ORD-2849,2022-09-04,CUST-515,Victoria Marsh,Corporate,West,Maxtown,Office Supplies,Binders,Binders Model-24,Economy,1,0.5,779.74,1679.56
ORD-2850,2023-11-04,CUST-224,Scott Guzman,Home Office,West,Lake Lance,Clothing,Pants,Pants Model-39,Same Day,18,0.0,4147.31,279.19
ORD-2851,2023-01-05,CUST-189,Frank Tanner,Home Office,East,North Michael,Office Supplies,Paper,Paper Model-26,Economy,6,0.0,4972.69,-226.67
ORD-2852,2023-12-15,CUST-478,Kelly Wilkerson,Corporate,south,Kathleenhaven,Furniture,Chairs,Chairs Model-38,Same Day,9,0.2,2342.53,222.74
ORD-2853,2023-03-08,CUST-279,Shelby Adkins,Consumer,East,Port Laura,Electronics,Phones,Phones Model-3,Express,1,0.2,,985.92
ORD-2854,2022-08-03,CUST-171,David Phillips,Corporate,Central,Meganshire,Electronics,Tablets,Tablets Model-17,Express,8,0.3,1723.65,1734.85
ORD-2855,2022-04-25,CUST-394,Amanda Davis,Consumer,East,Port Thomasville,Electronics,Phones,Phones Model-11,Economy,12,0.1,719.76,1210.69
ORD-2856,2022-07-07,CUST-454,Sheri Allen,Consumer,Central,Lake Andrew,Clothing,Accessories,Accessories Model-24,Economy,8,0.5,4032.56,491.08
ORD-2857,2022-03-24,CUST-600,Mark Russo,Consumer,Central,Drewshire,Office Supplies,Binders,Binders Model-41,Standard,19,0.1,1305.12,1440.18
ORD-2858,2023-01-02,CUST-452,Melissa Adams,Corporate,North,West Scott,Office Supplies,Binders,Binders Model-49,Economy,5,0.3,1570.2,1273.81
ORD-2859,2023-03-29,CUST-531,Terrance Murphy,Consumer,North,Darrenburgh,Furniture,Tables,Tables Model-43,Same Day,16,0.2,1258.4,-80.42
ORD-2860,2022-09-21,CUST-317,Kimberly Lewis,Consumer,Central,Lake Briannaton,Furniture,Desks,Desks Model-17,Standard,17,0.3,,99.74
ORD-2861,2023-08-08,CUST-320,Diana Watson,Consumer,North,Phillipsfort,Electronics,Accessories,Accessories Model-16,Same Day,3,0.3,1177.87,1088.07
ORD-2862,2023-09-23,CUST-569,Richard Wilson,Consumer,West,North Terriview,Electronics,Tablets,Tablets Model-29,Express,4,0.1,4109.32,941.66
ORD-2863,2023-05-30,CUST-436,Christopher Sweeney,Corporate,South,South Cynthia,Electronics,Tablets,Tablets Model-4,Express,12,0.5,1727.34,1852.25
ORD-2864,2022-09-01,CUST-341,Jessica Rodriguez,Corporate,East,Chandlerchester,Furniture,Tables,Tables Model-29,Economy,15,0.1,544.26,287.31
ORD-2865,2022-10-20,CUST-143,Stephen Chavez,Home Office,South,Lisachester,Office Supplies,Paper,Paper Model-42,Same Day,8,0.3,3147.27,146.39
ORD-2866,2023-12-04,CUST-399,Peter Anthony,Corporate,West,Lake Matthew,Electronics,Phones,Phones Model-8,Standard,11,0.0,3269.34,60.6
ORD-2867,2023-02-04,CUST-514,Spencer Butler,Consumer,West,East Tiffanyhaven,Clothing,Pants,Pants Model-14,Express,17,0.0,4517.22,1907.87
ORD-2868,2022-08-23,CUST-150,Heather Marshall,Home Office,Central,East Kyle,Electronics,Accessories,Accessories Model-16,Economy,19,0.0,4102.28,57.93
ORD-2869,2022-04-27,CUST-389,Clarence Ramos,Home Office,West,West Debbiefurt,Clothing,Accessories,Accessories Model-32,Standard,15,0.2,3866.65,525.67
ORD-2870,2022-07-21,CUST-126,Janet Vargas,Consumer,South,Stephanieburgh,Electronics,Tablets,Tablets Model-1,Express,13,0.5,291.83,330.58
ORD-2871,2023-10-16,CUST-404,Andrea Brown,Corporate,Central,Gardnertown,Furniture,Shelves,Shelves Model-26,Economy,13,0.0,1737.64,-172.83
ORD-2872,2023-02-22,CUST-278,Holly Tate,Corporate,North,Andrewmouth,Furniture,Shelves,Shelves Model-35,Express,8,0.3,3427.37,756.25
ORD-2873,2023-04-03,CUST-484,Tracy Hunt,Corporate,North,Ayersborough,Furniture,Tables,Tables Model-16,Express,9,0.3,870.89,-188.52
ORD-2874,2022-08-29,CUST-285,Julie Krueger MD,Consumer,South,Edwardberg,Electronics,Phones,Phones Model-3,Express,3,0.3,2681.73,957.88
ORD-2875,2022-01-10,CUST-441,Taylor Henson,Home Office,North,Lisashire,Furniture,Desks,Desks Model-42,Economy,8,0.3,1195.42,1000.28
ORD-2876,2023-03-15,CUST-111,Thomas Jones,Corporate,South,Port Kimberly,Office Supplies,Envelopes,Envelopes Model-6,Same Day,4,0.0,2415.89,-193.8
ORD-2877,2022-10-03,CUST-114,Jacob Hickman DVM,Home Office,Central,Lake Erin,Clothing,Pants,Pants Model-39,Same Day,4,0.1,,1704.13
ORD-2878,2023-09-30,CUST-285,Lindsay Martinez,Corporate,East,Lake Matthew,Electronics,Phones,Phones Model-27,Economy,5,0.5,1331.51,1177.94
ORD-2879,2023-03-15,CUST-328,John Welch,Home Office,North,New Lauraville,Furniture,Desks,Desks Model-45,Economy,5,0.3,2497.6,243.55
ORD-2880,2023-03-28,CUST-290,Michael Gallegos,Corporate,West,Leahside,Clothing,Accessories,Accessories Model-14,Economy,4,0.1,2724.07,1861.9
ORD-2881,2022-06-19,CUST-435,Jacob Oneal,Home Office,East,South Lisamouth,Office Supplies,Paper,Paper Model-43,Economy,3,0.2,3649.9,200.06
ORD-2882,2022-07-29,CUST-587,Haley Green,Home Office,North,West Justinberg,Clothing,Accessories,Accessories Model-5,Economy,14,0.0,3640.33,-298.05
ORD-2883,2022-10-30,CUST-303,,Home Office,West,Gilbertberg,Office Supplies,Pens,Pens Model-14,Economy,9,0.3,2561.68,-40.8
ORD-2884,2022-01-23,CUST-499,George Boone,Consumer,North,Lake Steven,Clothing,Accessories,Accessories Model-2,Same Day,18,0.1,1090.09,967.77
ORD-2885,2023-12-08,CUST-395,Deborah Gray,Consumer,South,East Lisa,Clothing,Pants,Pants Model-50,Standard,6,0.3,4216.27,1460.67
ORD-2886,2022-02-14,CUST-480,Amy Moore,Home Office,South,East Rebecca,Office Supplies,Paper,Paper Model-38,Standard,3,0.5,4540.14,-185.28
ORD-2887,2023-06-16,CUST-158,Terry Ritter,Corporate,Central,Jacobsfurt,Clothing,Shirts,Shirts Model-50,Economy,2,0.3,970.97,-98.74
ORD-2888,2022-10-19,CUST-407,Edwin Houston,Consumer,East,Sharpport,Office Supplies,Envelopes,Envelopes Model-11,Express,4,0.3,2912.36,732.23
ORD-2889,2022-12-31,CUST-417,Mrs. Jessica Cole,Home Office,North,Knightfurt,Office Supplies,Envelopes,Envelopes Model-1,Economy,3,0.3,2588.75,-81.68
ORD-2890,2022-09-07,CUST-524,Kathleen Ramsey,Consumer,South,Osborneborough,Office Supplies,Envelopes,Envelopes Model-39,Economy,12,0.2,482.62,638.25
ORD-2891,2023-03-05,CUST-211,Melissa Brown,Corporate,Central,Hugheshaven,Clothing,Shirts,Shirts Model-33,Standard,3,0.5,2987.45,1100.25
ORD-2892,2023-06-28,CUST-124,Susan Evans,Consumer,South,Port Jefferyfurt,Electronics,Accessories,Accessories Model-42,Standard,16,0.0,4890.37,83.39
ORD-2893,2023-02-03,CUST-199,Robert Tucker,Corporate,North,Michelletown,Furniture,Chairs,Chairs Model-16,Standard,16,0.5,1116.8,1962.44
ORD-2894,2023-12-07,CUST-343,Jeremy Marshall,Home Office,South,West Sarahside,Electronics,Tablets,Tablets Model-39,Same Day,10,0.2,3014.24,-170.55
ORD-2895,2023-11-28,CUST-488,Erik Shepherd,Consumer,South,Brownside,Clothing,Pants,Pants Model-31,Same Day,7,0.5,2992.53,1047.79
ORD-2896,2023-03-25,CUST-407,Benjamin Hunt,Home Office,South,North Abigailview,Office Supplies,Paper,Paper Model-21,Standard,9,0.3,4045.52,-139.6
ORD-2897,2023-12-25,CUST-162,James Riley,Home Office,Central,Port Hannah,Electronics,Laptops,Laptops Model-26,Express,19,0.5,947.47,1565.53
ORD-2898,2022-08-28,CUST-497,Michael Parks,Consumer,Central,Lake Ronaldview,Office Supplies,Binders,Binders Model-16,Standard,16,0.5,478.14,596.11
ORD-2899,2023-12-14,CUST-503,Allison Brandt,Home Office,Central,New Thomaston,Electronics,Accessories,Accessories Model-30,Express,9,0.0,3311.39,533.43
ORD-2900,2023-04-17,CUST-196,Michael Love,Corporate,North,Christopherhaven,Furniture,Chairs,Chairs Model-27,Economy,17,0.0,2422.44,1485.72
ORD-2901,2023-03-16,CUST-169,Dr. Chelsea Benitez DDS,Consumer,West,Leefurt,Clothing,Pants,Pants Model-43,Express,10,0.0,2269.58,799.9
ORD-2902,2022-10-04,CUST-550,Daniel Padilla,Home Office,South,Lake Luisfort,Furniture,Tables,Tables Model-4,Economy,8,0.1,479.35,1118.48
ORD-2903,2023-07-12,CUST-248,Daniel Powers,Corporate,South,Port Rhondatown,Electronics,Phones,Phones Model-19,Same Day,5,0.0,508.39,1519.08
ORD-2904,2023-12-16,CUST-279,Kenneth Clark,Home Office,North,East Jennifershire,Office Supplies,Paper,Paper Model-8,Economy,3,0.2,3008.61,710.2
ORD-2905,2022-11-13,CUST-376,Rose Erickson,Home Office,North,Marshallhaven,Office Supplies,Paper,Paper Model-13,Economy,2,0.2,2480.01,142.53
ORD-2906,2023-12-02,CUST-565,Alicia Evans,Consumer,West,Hernandezshire,Office Supplies,Paper,Paper Model-5,Standard,1,0.1,3170.85,-171.65
ORD-2907,2023-10-12,CUST-295,Miss Mary Hamilton,Home Office,West,South Nathan,Furniture,Chairs,Chairs Model-28,Economy,20,0.1,4784.48,256.28
ORD-2908,2023-08-06,CUST-420,Christian Mitchell,Home Office,South,Evansland,Clothing,Shirts,Shirts Model-39,Standard,20,0.1,1257.74,1619.96
ORD-2909,2022-01-03,CUST-362,Julie Mcgrath,Home Office,South,New Amberview,Furniture,Shelves,Shelves Model-18,Economy,7,0.1,1898.95,1248.7
ORD-2910,2022-09-21,CUST-580,Jacob Conway,Home Office,Central,West Lisafort,Furniture,Tables,Tables Model-25,Economy,20,0.2,1051.35,553.13
ORD-2911,2022-06-29,CUST-190,Anna Phillips,Corporate,Central,West April,Office Supplies,Binders,Binders Model-9,Same Day,11,0.0,1428.55,1373.15
ORD-2912,2022-06-17,CUST-424,Donna Fisher,Home Office,Central,Buckhaven,Electronics,Tablets,Tablets Model-24,Same Day,16,0.0,4870.67,1660.9
ORD-2913,2022-12-01,CUST-529,Amy Clark,Corporate,West,Jeffreyshire,Clothing,Shoes,Shoes Model-22,Standard,9,0.3,1055.55,1082.16
ORD-2914,2022-10-08,CUST-333,Christopher Jones,Consumer,East,North Derrick,Electronics,Tablets,Tablets Model-19,Economy,13,0.5,690.51,869.92
ORD-2915,2022-01-17,CUST-458,Antonio Lewis,Home Office,North,Port Brianview,Office Supplies,Envelopes,Envelopes Model-28,Standard,3,0.2,2048.83,-55.07
ORD-2916,2023-04-04,CUST-524,Benjamin Diaz,Corporate,West,Craigbury,Furniture,Shelves,Shelves Model-28,Same Day,1,0.2,522.12,602.03
ORD-2917,2023-01-29,CUST-388,Emma Woods,Home Office,South,Taylorshire,Electronics,Phones,Phones Model-14,Same Day,7,0.2,2462.06,372.82
ORD-2918,2022-10-12,CUST-430,Brittany Lee,Corporate,West,Port Marcusland,Office Supplies,Paper,Paper Model-27,Express,16,0.2,1627.78,1791.46
ORD-2919,2023-07-29,CUST-459,Rhonda Moore,Home Office,Central,North Brianna,Office Supplies,Pens,Pens Model-11,Same Day,15,0.0,2178.82,784.75
ORD-2920,2023-07-06,CUST-351,Alan Morales,Corporate,South,Royhaven,Electronics,Laptops,Laptops Model-49,Economy,10,0.5,1625.39,1323.17
ORD-2921,2023-08-10,CUST-540,Jonathan Harvey,Home Office,North,Shepherdville,Furniture,Shelves,Shelves Model-43,Economy,7,0.2,1230.02,1421.91
ORD-2922,2022-03-23,CUST-381,Cynthia Rivas,Home Office,West,Woodberg,Electronics,Phones,Phones Model-39,Same Day,3,0.5,,24.99
ORD-2923,2023-12-27,CUST-292,Ashley Sullivan,Corporate,North,Harrisfort,Office Supplies,Pens,Pens Model-14,Economy,11,0.3,2453.73,505.64
ORD-2924,2022-11-08,CUST-404,Dr. Kristi Perez,Corporate,West,Thomasstad,Furniture,Shelves,Shelves Model-33,Economy,8,0.1,3403.21,185.96
ORD-2925,2023-01-15,CUST-344,Juan Richardson,Home Office,North,Andrewville,Furniture,Tables,Tables Model-29,Express,4,0.3,2204.32,669.86
ORD-2926,2023-11-23,CUST-225,Carlos Moore,Corporate,West,North Ryan,Clothing,Pants,Pants Model-35,Same Day,2,0.5,2073.25,12.58
ORD-2927,2022-09-29,CUST-539,Kathryn Powers,Corporate,Central,Jessicafort,Clothing,Accessories,Accessories Model-18,Same Day,8,0.2,3919.95,1922.23
ORD-2928,2023-04-02,CUST-549,Amanda Glover,Consumer,South,West Nataliehaven,Office Supplies,Pens,Pens Model-31,Economy,15,0.3,3752.02,1510.59
ORD-2929,2023-05-07,CUST-257,Billy Hodge,Home Office,West,South Danielle,Furniture,Chairs,Chairs Model-23,Express,10,0.0,2112.04,515.79
ORD-2930,2023-09-29,CUST-429,Jeffrey Hernandez,Home Office,North,North Kelly,Furniture,Chairs,Chairs Model-37,Same Day,2,0.3,2945.92,1514.16
ORD-2931,2022-09-27,CUST-590,Chelsea Stewart,Corporate,West,Kristyton,Furniture,Shelves,Shelves Model-24,Express,11,0.1,1723.59,908.27
ORD-2932,2022-02-02,CUST-443,Micheal Jensen,Consumer,North,Laurenbury,Clothing,Accessories,Accessories Model-17,Economy,1,0.5,3160.18,1805.47
ORD-2933,2023-03-08,CUST-491,Tony Gonzalez,Home Office,Central,Robertborough,Office Supplies,Binders,Binders Model-37,Economy,11,0.0,398.21,1080.02
ORD-2934,2022-10-11,CUST-473,Kayla Davis,Corporate,West,New Malikborough,Furniture,Desks,Desks Model-29,Economy,3,0.5,2014.95,-124.05
ORD-2935,2023-04-18,CUST-443,Emma Williams,Home Office,West,Dorothyland,Electronics,Tablets,Tablets Model-36,Express,20,0.0,3668.06,646.7
ORD-2936,2022-01-18,CUST-241,Carolyn Garcia,Home Office,South,Port Jodi,Office Supplies,Binders,Binders Model-45,Express,8,0.0,2638.5,1123.3
ORD-2937,2022-01-18,CUST-448,Derek Wright,Consumer,Central,Mannborough,Clothing,Shoes,Shoes Model-35,Economy,6,0.1,1584.57,1627.8
ORD-2938,2023-01-21,CUST-330,Michael Kelly,Consumer,South,Benderfort,Electronics,Accessories,Accessories Model-36,Standard,9,0.3,170.84,814.47
ORD-2939,2022-11-06,CUST-267,John Mahoney,Home Office,East,Wilkinsonbury,Clothing,Shoes,Shoes Model-19,Standard,1,0.1,4139.79,-293.88
ORD-2940,2022-03-26,CUST-458,Joseph Smith,Corporate,West,Henryview,Furniture,Shelves,Shelves Model-20,Economy,16,0.2,2690.98,1419.75
ORD-2941,2023-06-02,CUST-281,Javier Perry,Home Office,East,Kathleenport,Office Supplies,Paper,Paper Model-13,Same Day,14,0.2,3374.84,-280.08
ORD-2942,2023-12-12,CUST-267,Javier Gilbert,Corporate,Central,Port Davidmouth,Office Supplies,Pens,Pens Model-40,Standard,19,0.5,603.45,965.87
ORD-2943,2023-07-22,CUST-513,Paul Clarke,Home Office,North,Kennethberg,Electronics,Laptops,Laptops Model-25,Economy,12,0.5,4896.24,459.67
ORD-2944,2022-11-15,CUST-146,Erika Hurst,Home Office,North,Lake Josephstad,Electronics,Laptops,Laptops Model-47,Standard,7,0.5,2667.14,1895.57
ORD-2945,2023-12-22,CUST-259,Lisa Richardson,Consumer,North,Smithchester,Office Supplies,Pens,Pens Model-45,Same Day,19,0.3,3037.43,1577.79
ORD-2946,2022-06-27,CUST-341,Jeffrey Torres,Consumer,East,Davidsonmouth,Electronics,Phones,Phones Model-6,Standard,10,0.3,325.94,423.11
ORD-2947,2022-07-20,CUST-264,,Consumer,North,Clineview,Office Supplies,Binders,Binders Model-13,Standard,10,0.2,4246.38,1890.22
ORD-2948,2023-09-24,CUST-284,Eric Meyer,Home Office,Central,Floresstad,Electronics,Phones,Phones Model-20,Same Day,11,0.3,4999.08,1402.92
ORD-2949,2022-11-07,CUST-598,Thomas Martinez,Consumer,Central,North Angelatown,Office Supplies,Binders,Binders Model-38,Standard,5,0.3,607.2,984.23
ORD-2950,2022-02-26,CUST-578,Javier Fisher,Home Office,North,Julieton,Office Supplies,Pens,Pens Model-2,Economy,4,0.3,2090.71,1274.2
ORD-2951,2023-12-21,CUST-181,Amanda Curry,Home Office,East,Harrishaven,Electronics,Phones,Phones Model-9,Standard,13,0.5,3636.28,1163.83
ORD-2952,2023-10-11,CUST-426,Rebecca Harris,Corporate,South,New Nicole,Furniture,Chairs,Chairs Model-42,Economy,20,0.5,4054.66,518.43
ORD-2953,2023-05-24,CUST-144,Angel Hood,Home Office,North,West Jasonmouth,Furniture,Shelves,Shelves Model-1,Same Day,19,0.1,2868.95,1844.52
ORD-2954,2022-05-13,CUST-333,Melissa Ward,Consumer,South,West Robertoton,Office Supplies,Envelopes,Envelopes Model-11,Express,1,0.0,3802.72,967.92
ORD-2955,2023-09-23,CUST-512,Alyssa Williams,Consumer,Central,Jonside,Office Supplies,Binders,Binders Model-30,Standard,5,0.5,2471.8,-3.72
ORD-2956,2023-11-25,CUST-511,,Home Office,North,South Heather,Electronics,Tablets,Tablets Model-46,Express,17,0.3,4979.29,1734.54
ORD-2957,2022-07-06,CUST-283,Heather Sandoval,Corporate,West,Kennethhaven,Electronics,Laptops,Laptops Model-17,Economy,13,0.5,1318.12,662.57
ORD-2958,2023-10-12,CUST-358,Charles Davis,Corporate,West,Morganfurt,Office Supplies,Paper,Paper Model-26,Same Day,7,0.0,2518.36,1375.96
ORD-2959,2022-05-18,CUST-371,Luis Johnson,Home Office,Central,South Johnhaven,Office Supplies,Envelopes,Envelopes Model-29,Economy,12,0.3,1110.58,985.39
ORD-2960,2022-07-30,CUST-313,Deanna Blake,Home Office,South,Howardberg,Furniture,Chairs,Chairs Model-9,Standard,3,0.0,1952.87,1905.66
ORD-2961,2023-05-09,CUST-485,,Corporate,North,Tammyville,Electronics,Tablets,Tablets Model-49,Standard,7,0.5,4155.23,337.32
ORD-2962,2022-09-09,CUST-391,Connie Jones,Corporate,East,Donnamouth,Office Supplies,Binders,Binders Model-5,Standard,9,0.3,2805.0,1886.7
ORD-2963,2023-03-28,CUST-283,Ethan Brown,Consumer,West,Murphymouth,Furniture,Shelves,Shelves Model-31,Express,2,0.5,649.45,250.55
ORD-2964,2022-01-09,CUST-361,Jerry Daniels,Home Office,West,Marisaborough,Clothing,Accessories,Accessories Model-41,Economy,11,0.3,4041.06,288.45
ORD-2965,2022-06-12,CUST-374,Michael Moreno,Consumer,North,South Stephen,Office Supplies,Pens,Pens Model-34,Express,5,0.1,2632.43,78.92
ORD-2966,2023-07-03,CUST-525,Marcus Sheppard,Corporate,West,Schneidermouth,Office Supplies,Envelopes,Envelopes Model-27,Economy,17,0.0,3640.19,1267.47
ORD-2967,2022-10-03,CUST-525,Janice Bush,Home Office,West,Jenniferside,Furniture,Desks,Desks Model-22,Express,3,0.1,3672.99,1021.42
ORD-2968,2023-12-02,CUST-421,Gregory Rodriguez,Consumer,Central,South Andreashire,Office Supplies,Binders,Binders Model-45,Economy,9,0.5,3938.59,458.43
ORD-2969,2023-06-24,CUST-575,Dr. Phillip Washington,Consumer,West,Johnsonland,Electronics,Tablets,Tablets Model-29,Same Day,4,0.0,1935.0,1740.84
ORD-2970,2022-10-02,CUST-262,Erin Skinner,Consumer,East,Taylorton,Office Supplies,Pens,Pens Model-50,Economy,10,0.0,3069.51,517.86
ORD-2971,2022-02-21,CUST-477,April Hudson,Home Office,South,Taylorport,Furniture,Chairs,Chairs Model-4,Standard,13,0.1,2832.97,175.05
ORD-2972,2022-06-26,CUST-368,Derrick Cook,Corporate,Central,Clarkview,Clothing,Pants,Pants Model-48,Express,10,0.5,4610.6,32.54
ORD-2973,2023-11-02,CUST-511,Crystal Hoffman,Home Office,central,Kaylamouth,Office Supplies,Envelopes,Envelopes Model-3,Same Day,1,0.1,3473.85,1896.31
ORD-2974,2023-03-26,CUST-551,Anthony Washington,Home Office,West,Port Frankland,Office Supplies,Pens,Pens Model-26,Economy,4,0.2,3741.28,561.87
ORD-2975,2023-08-23,CUST-414,Stephanie Gillespie,Corporate,West,Crawfordmouth,Office Supplies,Pens,Pens Model-18,Economy,5,0.3,779.66,603.79
ORD-2976,2023-10-02,CUST-453,Rachel Wilcox,Consumer,Central,Chavezmouth,Clothing,Shoes,Shoes Model-23,Economy,15,0.1,2871.19,-53.7
ORD-2977,2022-11-25,CUST-432,Joshua Hawkins,Home Office,South,Alisonstad,Electronics,Tablets,Tablets Model-36,Express,1,0.3,3616.05,1654.52
ORD-2978,2023-01-31,CUST-582,Jacob Bell,Home Office,East,Hickschester,Electronics,Laptops,Laptops Model-26,Economy,17,0.2,920.14,297.59
ORD-2979,2022-12-18,CUST-388,Amanda Lewis,Home Office,Central,West Thomasville,Electronics,Accessories,Accessories Model-7,Standard,15,0.3,420.11,1496.94
ORD-2980,2022-04-09,CUST-184,Michael Mann,Corporate,South,New Johnland,Office Supplies,Binders,Binders Model-44,Standard,14,0.2,3969.39,1089.24
ORD-2981,2023-11-10,CUST-327,Dustin Franco,Corporate,East,Wadeville,Furniture,Shelves,Shelves Model-25,Same Day,19,0.0,2856.12,325.86
ORD-2982,2023-10-16,CUST-492,Ruben Wang,Corporate,Central,Hopkinsland,Office Supplies,Pens,Pens Model-31,Economy,4,0.2,4178.37,212.11
ORD-2983,2023-08-20,CUST-559,Andrea Mccoy,Consumer,West,Lukeville,Furniture,Chairs,Chairs Model-26,Express,10,0.0,1335.5,1108.73
ORD-2984,2023-11-11,CUST-270,Jesus Henry,Home Office,East,Brandyburgh,Electronics,Phones,Phones Model-30,Economy,8,0.2,248.22,-16.94
ORD-2985,2022-05-17,CUST-339,David Wall,Home Office,East,Bennettside,Office Supplies,Envelopes,Envelopes Model-26,Same Day,4,0.1,873.01,1867.94
ORD-2986,2022-04-08,CUST-432,Thomas Edwards,Corporate,West,Lewisland,Clothing,Shoes,Shoes Model-14,Same Day,5,0.1,1973.6,456.24
ORD-2987,2023-11-22,CUST-528,Kenneth Griffin,Corporate,West,South Belindaton,Office Supplies,Paper,Paper Model-48,Same Day,16,0.2,3751.88,1507.24
ORD-2988,2023-06-28,CUST-427,Daniel Pearson,Consumer,South,Cameronshire,Electronics,Laptops,Laptops Model-27,Express,8,0.1,3869.33,303.73
ORD-2989,2022-01-02,CUST-228,Nicole Duncan,Corporate,Central,Smithfurt,Office Supplies,Envelopes,Envelopes Model-29,Standard,9,0.3,1509.91,769.53
ORD-2990,2022-05-08,CUST-392,Michelle Simmons,Corporate,North,Harrisfort,Furniture,Shelves,Shelves Model-34,Express,16,0.2,2784.3,1341.38
ORD-2991,2022-07-15,CUST-109,Sharon Jones,Consumer,West,East Jamesstad,Clothing,Shirts,Shirts Model-23,Standard,2,0.0,3046.33,593.1
ORD-2992,2023-05-16,CUST-191,Caitlin Dodson,Home Office,East,South Sarahside,Office Supplies,Paper,Paper Model-21,Standard,13,0.1,2719.55,1311.68
ORD-2993,2023-04-01,CUST-201,Justin Hunt,Corporate,West,North Mark,Furniture,Desks,Desks Model-16,Same Day,12,0.5,2015.0,274.97
ORD-2994,2023-07-01,CUST-143,,Consumer,South,Julianville,Furniture,Tables,Tables Model-23,Standard,7,0.5,2696.27,321.21
ORD-2995,2022-06-18,CUST-414,Drew Rice,Consumer,West,Sosaport,Clothing,Shoes,Shoes Model-26,Express,11,0.3,2467.57,412.44
ORD-2996,2023-06-17,CUST-493,Marcus Turner,Home Office,North,East Brandyland,Electronics,Tablets,Tablets Model-43,Standard,15,0.1,4816.69,150.84
ORD-2997,2023-02-04,CUST-598,Philip Cobb,Corporate,South,West Elizabeth,Office Supplies,Pens,Pens Model-43,Economy,8,0.3,4123.57,881.43
ORD-2998,2023-06-03,CUST-319,Rachel Johnson,Home Office,North,Brooksstad,Electronics,Laptops,Laptops Model-6,Express,5,0.1,4321.28,903.11
ORD-2999,2022-06-12,CUST-155,Brian Valencia,Home Office,West,Richardsonview,Furniture,Shelves,Shelves Model-42,Express,11,0.5,4027.47,-110.0
